name_func;id_handler;exception_name;user/sys
get_object_or_404;2;ValueError;sys
get_object_or_404;2;Http404;usr
get_list_or_404;3;ValueError;sys
resolve_url;4;null;sys
resolve_url;4;null;sys
get_signed_cookie;6;null;sys
get_signed_cookie;7;null;sys
scheme;8;ImproperlyConfigured;usr
_load_post_and_files;10;null;sys
__next__;24;StopIteration;sys
__next__;25;StopIteration;sys
parse_boundary_stream;27;ValueError;sys
_convert_to_charset;29;null;sys
get_callable;37;ViewDoesNotExist;usr
get_callable;37;null;sys
get_callable;38;ViewDoesNotExist;usr
reverse;41;NoReverseMatch;usr
reverse;41;NoReverseMatch;usr
regex;46;ImproperlyConfigured;usr
url_patterns;48;ImproperlyConfigured;usr
__getitem__;56;MultiValueDictKeyError;usr
update;60;ValueError;sys
check_errors;63;null;sys
autodiscover_modules;71;null;sys
force_text;94;DjangoUnicodeDecodeError;usr
_archive_cls;98;UnrecognizedArchiveFormat;usr
make_middleware_decorator;102;null;sys
urlsafe_base64_decode;105;ValueError;sys
__get_module;113;ImportError;sys
remove_move;116;AttributeError;sys
_add_installed_apps_translations;117;AppRegistryNotReady;usr
lazy_number;125;KeyError;sys
get_language_info;127;KeyError;sys
get_language_info;128;KeyError;sys
create;129;null;sys
create;131;null;sys
create;132;ImproperlyConfigured;usr
get_model;133;LookupError;sys
get_app_config;134;LookupError;sys
load_backend;137;ImproperlyConfigured;usr
load_backend;137;null;sys
ensure_defaults;138;ConnectionDoesNotExist;usr
prepare_test_settings;139;ConnectionDoesNotExist;usr
__exit__;145;null;sys
__exit__;147;null;sys
execute;153;null;sys
executemany;154;null;sys
prepare_sql_script;162;ImproperlyConfigured;usr
_setup_environment;164;ImproperlyConfigured;usr
_commit;167;null;sys
execute;171;null;sys
executemany;172;null;sys
_execute_statements;182;null;sys
_execute_allow_fail_statements;183;null;sys
alter_field;184;null;sys
__getitem__;197;KeyError;sys
make_model_tuple;206;ValueError;sys
_get_next_or_previous_by_FIELD;214;DoesNotExist;usr
_prepare;229;FieldDoesNotExist;usr
base_manager;232;ValueError;sys
default_manager;233;ValueError;sys
get_field;236;FieldDoesNotExist;usr
get_field;237;FieldDoesNotExist;usr
aggregate;243;TypeError;sys
annotate;248;TypeError;sys
to_python;257;ValidationError;usr
to_python;258;ValidationError;usr
to_python;259;ValidationError;usr
to_python;260;ValidationError;usr
to_python;266;ValidationError;usr
to_python;268;ValidationError;usr
to_python;269;ValidationError;usr
to_python;271;ValidationError;usr
get_db_prep_value;272;TypeError;sys
to_python;273;ValidationError;usr
execute_sql;288;null;sys
add_fields;295;FieldError;usr
add_fields;295;null;sys
add_fields;295;FieldError;usr
from_model;302;TypeError;sys
from_model;303;TypeError;sys
render;304;InvalidBasesError;usr
load_disk;313;null;sys
check_key;314;ValueError;sys
build_graph;315;exc;usr
ensure_schema;316;MigrationSchemaMissing;usr
__new__;322;TypeError;sys
csrf_failure;332;null;sys
page_not_found;334;null;sys
server_error;335;null;sys
bad_request;336;null;sys
permission_denied;337;null;sys
paginate_queryset;340;Http404;usr
paginate_queryset;341;Http404;usr
get_success_url;344;ImproperlyConfigured;usr
get_year;346;Http404;usr
get_month;348;Http404;usr
get_day;350;Http404;usr
get_week;352;Http404;usr
_date_from_string;353;Http404;usr
get_object;355;Http404;usr
get_template_names;356;null;sys
render;357;TemplateSyntaxError;usr
render;358;TemplateSyntaxError;usr
render;359;TemplateSyntaxError;usr
render;360;TemplateSyntaxError;usr
render;365;TemplateSyntaxError;usr
validate_number;370;PageNotAnInteger;usr
__call__;373;ValidationError;usr
__call__;374;e;usr
__call__;374;null;sys
__call__;375;ValidationError;usr
validate_ipv46_address;379;ValidationError;usr
ip_address_validators;380;ValueError;sys
_create_cache;384;InvalidCacheBackendError;usr
_create_cache;384;InvalidCacheBackendError;usr
_delete;392;null;sys
_createdir;393;EnvironmentError;sys
file_move_safe;404;null;sys
close;409;null;sys
_save;410;null;sys
_save;411;null;sys
delete;412;null;sys
get_image_dimensions;414;null;sys
run_from_argv;416;null;sys
handle;419;CommandError;usr
call_command;420;CommandError;usr
handle;428;CommandError;usr
download;430;CommandError;usr
extract;431;CommandError;usr
handle;436;CommandError;usr
handle;442;CommandError;usr
find_migration;444;CommandError;usr
find_migration;444;CommandError;usr
handle;446;CommandError;usr
handle;447;CommandError;usr
handle;448;CommandError;usr
handle;450;CommandError;usr
handle;451;CommandError;usr
handle;451;CommandError;usr
handle;452;CommandError;usr
handle;454;null;sys
handle;454;CommandError;usr
handle;456;CommandError;usr
handle;456;CommandError;usr
loaddata;457;null;sys
load_label;459;null;sys
load_label;459;null;sys
handle;461;CommandError;usr
handle;461;CommandError;usr
create_table;473;CommandError;usr
Deserializer;477;null;sys
Deserializer;478;null;sys
Deserializer;479;WithData;usr
Deserializer;480;WithData;usr
Deserializer;481;WithData;usr
Deserializer;482;WithData;usr
_get_model;483;DeserializationError;usr
Deserializer;485;null;sys
handle_field;486;ValueError;sys
_get_model_from_node;487;DeserializationError;usr
open;494;null;sys
close;496;null;sys
_send;497;null;sys
__init__;498;ImproperlyConfigured;usr
send_messages;499;null;sys
templates;511;ImproperlyConfigured;usr
__getitem__;513;InvalidTemplateEngineError;usr
render;521;null;sys
render;523;TemplateSyntaxError;usr
find_library;526;TemplateSyntaxError;usr
__init__;527;TemplateEncodingError;usr
compile_nodelist;528;null;sys
parse;530;error;usr
parse;531;error;usr
parse;533;error;usr
__init__;537;TemplateSyntaxError;usr
_resolve_lookup;540;null;sys
_resolve_lookup;541;VariableDoesNotExist;usr
_resolve_lookup;543;null;sys
render_annotated;544;null;sys
parse_bits;594;TemplateSyntaxError;usr
import_library;595;InvalidTemplateLibrary;usr
import_library;596;InvalidTemplateLibrary;usr
render;599;null;sys
get_contents;601;TemplateDoesNotExist;usr
get_contents;605;TemplateDoesNotExist;usr
get_contents;605;null;sys
get_contents;608;TemplateDoesNotExist;usr
load_template_source;609;TemplateDoesNotExist;usr
get_template;610;null;sys
get_package_libraries;620;InvalidTemplateLibrary;usr
get_template;621;null;sys
label_for_field;627;AttributeError;sys
get_form;640;FieldError;usr
message_user;643;ValueError;sys
queryset;666;IncorrectLookupParameters;usr
get_results;669;IncorrectLookupParameters;usr
get_queryset;674;null;sys
get_queryset;674;IncorrectLookupParameters;usr
get_password_validators;683;ImproperlyConfigured;usr
get_hasher;687;ValueError;sys
_load_library;688;ValueError;sys
login;696;ValueError;sys
get_user_model;698;ImproperlyConfigured;usr
get_user_model;698;ImproperlyConfigured;usr
handle;713;CommandError;usr
handle;715;CommandError;usr
model;724;AttributeError;sys
validate;727;prefix_validation_error;usr
run_validators;728;prefix_validation_error;usr
validate;729;ValidationError;usr
model;731;AttributeError;sys
to_python;737;ValidationError;usr
to_python;739;ValidationError;usr
compress;740;ValidationError;usr
link_file;756;CommandError;usr
link_file;756;CommandError;usr
link_file;756;CommandError;usr
process_response;758;SuspiciousOperation;usr
save;762;CreateError;usr
save;762;null;sys
save;762;UpdateError;usr
save;762;null;sys
_get_storage_path;775;ImproperlyConfigured;usr
save;779;CreateError;usr
save;779;UpdateError;usr
save;779;null;sys
sitemap;790;Http404;usr
sitemap;790;Http404;usr
process_response;792;null;sys
flatpage;793;null;sys
_get_site_by_request;803;null;sys
get_context_data;812;Http404;usr
get_context_data;813;Http404;usr
feed;818;Http404;usr
check_layer;821;LayerMapError;usr
check_layer;822;LayerMapError;usr
check_layer;823;LayerMapError;usr
check_layer;824;LayerMapError;usr
feature_kwargs;825;LayerMapError;usr
verify_ogr_field;826;InvalidDecimal;usr
verify_ogr_field;827;InvalidInteger;usr
verify_fk;828;MissingForeignKey;usr
save;830;null;sys
save;832;null;sys
save;833;null;sys
__init__;835;GoogleMapException;usr
kml;836;Http404;usr
kml;837;Http404;usr
get_new_connection;843;ImproperlyConfigured;usr
spatial_version;850;ImproperlyConfigured;usr
get_raster_prep_value;855;ValueError;sys
get_prep_value;856;ValueError;sys
handle;860;CommandError;usr
__init__;864;GDALException;usr
__init__;876;GDALException;usr
__getitem__;880;GDALException;usr
to_python;883;ValidationError;usr
clean;885;ValidationError;usr
_set_slice;893;TypeError;sys
_construct_ring;894;TypeError;sys
__call__;901;Http404;usr
item_link;902;ImproperlyConfigured;usr
shortcut;918;Http404;usr
shortcut;919;Http404;usr
include;930;ImproperlyConfigured;usr
__getitem__;933;KeyError;sys
to_python;942;ValidationError;usr
_check_values;943;ValidationError;usr
_check_values;944;ValidationError;usr
to_python;953;ValidationError;usr
to_python;954;ValidationError;usr
to_python;955;ValidationError;usr
to_python;957;ValidationError;usr
to_python;959;ValidationError;usr
_coerce;960;ValidationError;usr
_coerce;961;ValidationError;usr
to_python;966;ValidationError;usr
