name;id;raise;re-raise;try;handlers;size
run;0;0;0;0;0;17
configuration;1;0;0;0;0;6
get_scipy_status;2;0;0;1;1;8
get_numpy_status;3;0;0;1;1;8
generate_cython;4;1;0;0;0;4
setup_package;5;4;0;1;1;26
cythonize;6;2;2;3;3;12
load_hashes;7;0;0;1;1;6
save_hashes;8;0;0;0;0;3
sha1_of_file;9;0;0;0;0;4
clean_path;10;0;0;0;0;4
get_hash_tuple;11;0;0;0;0;4
cythonize_if_unchanged;12;0;0;0;0;11
check_and_cythonize;13;0;0;0;0;13
main;14;0;0;0;0;1
exit;15;0;0;0;0;2
make_carousel_thumbs;16;0;0;0;0;8
setup;17;0;0;0;0;2
setup_module;18;1;0;0;0;3
globs;19;0;0;0;0;4
setup_module;20;0;0;0;0;1
teardown_module;21;0;0;0;0;2
setup_module;22;1;0;0;0;3
setup_module;23;1;0;0;0;4
_get_git_revision;24;0;0;1;1;4
_linkcode_resolve;25;0;0;3;3;19
make_linkcode_resolve;26;0;0;0;0;2
__init__;27;0;0;0;0;3
_str_header;28;0;0;0;0;1
_str_field_list;29;0;0;0;0;1
_str_indent;30;0;0;0;0;3
_str_signature;31;0;0;0;0;3
_str_summary;32;0;0;0;0;1
_str_extended_summary;33;0;0;0;0;1
_str_param_list;34;0;0;0;0;8
_obj;35;0;0;0;0;5
_str_member_list;36;0;0;0;0;23
_str_section;37;0;0;0;0;7
_str_see_also;38;0;0;0;0;5
_str_warnings;39;0;0;0;0;4
_str_index;40;0;0;0;0;9
_str_references;41;0;0;0;0;13
_str_examples;42;0;0;0;0;8
__str__;43;0;0;0;0;14
__init__;44;0;0;0;0;2
__init__;45;0;0;0;0;2
__init__;46;0;0;0;0;2
get_doc_object;47;0;0;0;0;11
mangle_docstrings;48;0;0;0;0;24
mangle_signature;49;0;0;0;0;12
setup;50;0;0;0;0;10
__init__;51;0;0;0;0;2
wrap_mangling_directives;52;0;0;0;0;2
wrap_mangling_directive;53;0;0;0;0;10
__init__;54;0;0;0;0;4
__getitem__;55;0;0;0;0;1
reset;56;0;0;0;0;1
read;57;0;0;0;0;5
seek_next_non_empty_line;58;0;0;0;0;2
eof;59;0;0;0;0;1
read_to_condition;60;0;0;0;0;7
read_to_next_empty_line;61;0;0;0;0;3
read_to_next_unindented_line;62;0;0;0;0;2
peek;63;0;0;0;0;3
is_empty;64;0;0;0;0;1
__init__;65;0;0;0;0;4
__getitem__;66;0;0;0;0;1
__setitem__;67;0;0;0;0;2
_is_at_section;68;0;0;0;0;8
_strip;69;0;0;0;0;7
_read_to_next_section;70;0;0;0;0;7
_read_sections;71;0;0;0;0;6
_parse_param_list;72;0;0;0;0;10
_parse_see_also;73;1;0;0;0;29
_parse_index;74;0;0;0;0;9
_parse_summary;75;0;0;0;0;11
_parse;76;0;0;0;0;10
_str_header;77;0;0;0;0;1
_str_indent;78;0;0;0;0;3
_str_signature;79;0;0;0;0;2
_str_summary;80;0;0;0;0;2
_str_extended_summary;81;0;0;0;0;2
_str_param_list;82;0;0;0;0;6
_str_section;83;0;0;0;0;5
_str_see_also;84;0;0;0;0;15
_str_index;85;0;0;0;0;6
__str__;86;0;0;0;0;11
indent;87;0;0;0;0;4
dedent_lines;88;0;0;0;0;1
header;89;0;0;0;0;1
__init__;90;1;0;1;1;12
get_func;91;0;0;0;0;5
__str__;92;0;0;0;0;8
__init__;93;2;0;0;0;12
methods;94;0;0;0;0;2
properties;95;0;0;0;0;2
glr_path_static;96;0;0;0;0;1
_get_data;97;1;0;1;1;13
get_data;98;0;0;0;0;9
_select_block;99;1;0;0;0;8
_parse_dict_recursive;100;2;0;1;1;21
parse_sphinx_searchindex;101;2;0;0;0;14
__init__;102;2;0;0;0;18
_get_link;103;0;0;0;0;29
resolve;104;0;0;0;0;9
_embed_code_links;105;0;0;2;3;41
embed_code_links;106;0;0;0;0;9
clean_gallery_out;107;0;0;0;0;6
generate_gallery_rst;108;0;0;1;1;29
touch_empty_backreferences;109;0;0;0;0;3
setup;110;0;0;0;0;7
setup_module;111;0;0;0;0;1
__init__;112;0;0;0;0;3
visit_Import;113;0;0;0;0;2
visit_ImportFrom;114;0;0;0;0;1
visit_Name;115;0;0;0;0;1
visit_Attribute;116;0;0;0;0;8
get_mapping;117;0;0;0;0;3
get_short_module_name;118;0;0;1;1;6
identify_names;119;0;0;0;0;9
scan_used_functions;120;0;0;0;0;6
_thumbnail_div;121;0;0;0;0;4
write_backreferences;122;0;0;0;0;10
indent;123;0;0;0;0;4
__init__;124;0;0;0;0;2
write;125;0;0;0;0;2
flush;126;0;0;0;0;2
get_docstring_and_rest;127;2;0;0;0;12
split_code_and_text_blocks;128;0;0;0;0;19
codestr2rst;129;0;0;0;0;3
text2string;130;0;0;1;1;2
extract_intro;131;1;0;0;0;7
get_md5sum;132;0;0;0;0;5
check_md5sum_change;133;0;0;0;0;10
_plots_are_current;134;0;0;0;0;4
save_figures;135;0;0;0;0;25
scale_image;136;0;0;2;2;17
save_thumbnail;137;0;0;0;0;11
generate_dir_rst;138;0;0;0;0;21
execute_script;139;0;1;1;1;40
generate_file_rst;140;0;0;0;0;43
ipy_notebook_skeleton;141;0;0;0;0;3
rst2md;142;0;0;0;0;7
__init__;143;0;0;0;0;4
add_code_cell;144;0;0;0;0;2
add_markdown_cell;145;0;0;0;0;2
save_file;146;0;0;0;0;2
setup_module;147;1;0;0;0;1
setup_module;148;0;0;0;0;1
Command;149;0;0;0;0;1
Arguments;150;0;0;0;0;1
__init__;151;0;0;0;0;4
parseImpl;152;1;0;0;0;7
Sequence;153;0;0;0;0;1
convertToFloat;154;0;1;1;1;2
get_points;155;0;0;0;0;9
_ustr;156;0;0;1;1;2
_str2dict;157;0;0;0;0;1
__init__;158;0;0;0;0;6
__getattr__;159;1;0;0;0;4
__str__;160;0;0;0;0;1
__repr__;161;0;0;0;0;1
markInputline;162;0;0;0;0;4
__init__;163;0;0;0;0;1
__str__;164;0;0;0;0;1
__init__;165;0;0;0;0;1
__getitem__;166;0;0;0;0;1
__repr__;167;0;0;0;0;1
__new__;168;0;0;0;0;5
__init__;169;0;0;1;1;20
__getitem__;170;0;0;0;0;4
__setitem__;171;0;0;0;0;10
__delitem__;172;0;0;0;0;13
__contains__;173;0;0;0;0;1
__len__;174;0;0;0;0;1
__bool__;175;0;0;0;0;1
__nonzero__;176;0;0;0;0;1
__iter__;177;0;0;0;0;1
__reversed__;178;0;0;0;0;1
keys;179;0;0;0;0;1
pop;180;0;0;0;0;3
get;181;0;0;0;0;2
insert;182;0;0;0;0;5
items;183;0;0;0;0;1
values;184;0;0;0;0;1
__getattr__;185;0;0;0;0;5
__add__;186;0;0;0;0;3
__iadd__;187;0;0;0;0;11
__repr__;188;0;0;0;0;1
__str__;189;0;0;0;0;8
_asStringList;190;0;0;0;0;6
asList;191;0;0;0;0;5
asDict;192;0;0;0;0;1
copy;193;0;0;0;0;6
asXML;194;0;0;0;0;25
__lookup;195;0;0;0;0;3
getName;196;0;0;0;0;9
dump;197;0;0;0;0;12
__getstate__;198;0;0;0;0;1
__setstate__;199;0;0;0;0;6
col;200;0;0;0;0;1
lineno;201;0;0;0;0;1
line;202;0;0;0;0;4
_defaultStartDebugAction;203;0;0;0;0;1
_defaultSuccessDebugAction;204;0;0;0;0;1
_defaultExceptionDebugAction;205;0;0;0;0;1
nullDebugAction;206;0;0;0;0;1
setDefaultWhitespaceChars;207;0;0;0;0;1
__init__;208;0;0;0;0;20
copy;209;0;0;0;0;5
setName;210;0;0;0;0;5
setResultsName;211;0;0;0;0;4
setBreak;212;0;0;0;0;8
_normalizeParseActionArgs;213;0;0;5;5;29
setParseAction;214;0;0;0;0;3
addParseAction;215;0;0;0;0;3
setFailAction;216;0;0;0;0;2
_skipIgnorables;217;0;0;1;1;6
preParse;218;0;0;0;0;5
parseImpl;219;0;0;0;0;1
postParse;220;0;0;0;0;1
_parseNoCache;221;0;4;4;4;27
tryParse;222;0;0;0;0;1
_parseCache;223;1;1;1;1;12
resetCache;224;0;0;0;0;1
enablePackrat;225;0;0;0;0;2
parseString;226;0;0;0;0;6
scanString;227;0;0;1;1;14
transformString;228;0;0;0;0;13
searchString;229;0;0;0;0;1
__add__;230;0;0;0;0;6
__radd__;231;0;0;0;0;6
__mul__;232;6;0;0;0;20
__rmul__;233;0;0;0;0;1
__or__;234;0;0;0;0;6
__ror__;235;0;0;0;0;6
__xor__;236;0;0;0;0;6
__rxor__;237;0;0;0;0;6
__and__;238;0;0;0;0;6
__rand__;239;0;0;0;0;6
__invert__;240;0;0;0;0;1
__call__;241;0;0;0;0;1
suppress;242;0;0;0;0;1
leaveWhitespace;243;0;0;0;0;2
setWhitespaceChars;244;0;0;0;0;4
parseWithTabs;245;0;0;0;0;2
ignore;246;0;0;0;0;4
setDebugActions;247;0;0;0;0;3
setDebug;248;0;0;0;0;3
__str__;249;0;0;0;0;1
__repr__;250;0;0;0;0;1
streamline;251;0;0;0;0;3
checkRecursion;252;0;0;0;0;1
validate;253;0;0;0;0;1
parseFile;254;0;0;1;1;5
getException;255;0;0;0;0;1
__getattr__;256;1;0;0;0;3
__eq__;257;0;0;1;1;5
__req__;258;0;0;0;0;1
__init__;259;0;0;0;0;1
setName;260;0;0;0;0;3
__init__;261;0;0;0;0;4
__init__;262;0;0;0;0;5
parseImpl;263;1;0;0;0;4
__init__;264;0;0;1;1;10
parseImpl;265;1;0;0;0;6
__init__;266;0;0;1;1;13
parseImpl;267;1;0;0;0;12
copy;268;0;0;0;0;3
setDefaultKeywordChars;269;0;0;0;0;1
__init__;270;0;0;0;0;4
parseImpl;271;1;0;0;0;6
__init__;272;0;0;0;0;1
parseImpl;273;1;0;0;0;8
__init__;274;1;0;1;1;25
parseImpl;275;3;0;0;0;27
__str__;276;0;0;1;1;8
__init__;277;0;1;1;1;13
parseImpl;278;1;0;0;0;11
__str__;279;0;0;1;1;4
__init__;280;2;1;1;1;36
parseImpl;281;1;0;0;0;12
__str__;282;0;0;1;1;4
__init__;283;1;0;0;0;13
parseImpl;284;2;0;0;0;14
__str__;285;0;0;1;1;6
__init__;286;0;0;0;0;11
parseImpl;287;2;0;0;0;14
__init__;288;0;0;0;0;4
__init__;289;0;0;0;0;2
preParse;290;0;0;0;0;7
parseImpl;291;1;0;0;0;5
__init__;292;0;0;0;0;3
preParse;293;0;0;0;0;3
parseImpl;294;1;0;0;0;6
__init__;295;0;0;0;0;3
parseImpl;296;2;0;0;0;12
__init__;297;0;0;0;0;2
parseImpl;298;1;0;0;0;6
__init__;299;0;0;0;0;2
parseImpl;300;2;0;0;0;13
__init__;301;0;0;0;0;3
parseImpl;302;1;0;0;0;5
__init__;303;0;0;0;0;4
parseImpl;304;1;0;0;0;6
__init__;305;0;0;0;0;7
__getitem__;306;0;0;0;0;1
append;307;0;0;0;0;3
leaveWhitespace;308;0;0;0;0;4
ignore;309;0;0;0;0;6
__str__;310;0;0;1;1;4
streamline;311;0;0;0;0;16
setResultsName;312;0;0;0;0;2
validate;313;0;0;0;0;3
__init__;314;0;0;0;0;6
parseImpl;315;0;0;0;0;5
__iadd__;316;0;0;0;0;3
checkRecursion;317;0;0;0;0;2
__str__;318;0;0;0;0;4
__init__;319;0;0;0;0;3
parseImpl;320;2;0;1;2;13
__ixor__;321;0;0;0;0;3
__str__;322;0;0;0;0;4
checkRecursion;323;0;0;0;0;2
__init__;324;0;0;0;0;4
parseImpl;325;2;0;1;2;10
__ior__;326;0;0;0;0;3
__str__;327;0;0;0;0;4
checkRecursion;328;0;0;0;0;2
__init__;329;0;0;0;0;9
parseImpl;330;1;0;1;1;31
__str__;331;0;0;0;0;4
checkRecursion;332;0;0;0;0;2
__init__;333;0;0;0;0;12
parseImpl;334;1;0;0;0;2
leaveWhitespace;335;0;0;0;0;4
ignore;336;0;0;0;0;6
streamline;337;0;0;0;0;3
checkRecursion;338;1;0;0;0;3
validate;339;0;0;0;0;3
__str__;340;0;0;1;1;4
__init__;341;0;0;0;0;2
parseImpl;342;0;0;0;0;2
__init__;343;0;0;0;0;4
parseImpl;344;1;0;1;1;7
__str__;345;0;0;0;0;4
__init__;346;0;0;0;0;2
parseImpl;347;0;0;1;1;10
__str__;348;0;0;0;0;4
setResultsName;349;0;0;0;0;3
parseImpl;350;0;0;1;1;9
__str__;351;0;0;0;0;4
setResultsName;352;0;0;0;0;3
__bool__;353;0;0;0;0;1
__str__;354;0;0;0;0;1
__init__;355;0;0;0;0;3
parseImpl;356;0;0;1;1;4
__str__;357;0;0;0;0;4
__init__;358;0;0;0;0;8
parseImpl;359;1;0;1;1;17
__init__;360;0;0;0;0;1
__lshift__;361;0;0;0;0;12
leaveWhitespace;362;0;0;0;0;2
streamline;363;0;0;0;0;3
validate;364;0;0;0;0;3
__str__;365;0;0;0;0;7
copy;366;0;0;0;0;3
__str__;367;0;0;0;0;1
__init__;368;0;0;0;0;2
__init__;369;0;0;0;0;2
postParse;370;0;0;0;0;1
__init__;371;0;0;0;0;5
ignore;372;0;0;0;0;3
postParse;373;0;0;0;0;6
__init__;374;0;0;0;0;2
postParse;375;0;0;0;0;1
__init__;376;0;0;0;0;2
postParse;377;0;0;0;0;19
postParse;378;0;0;0;0;1
suppress;379;0;0;0;0;1
__init__;380;0;0;0;0;2
__call__;381;1;0;0;0;4
reset;382;0;0;0;0;1
traceParseAction;383;0;1;2;2;14
delimitedList;384;0;0;0;0;3
countedArray;385;0;0;0;0;6
_flatten;386;0;0;0;0;4
matchPreviousLiteral;387;0;0;0;0;7
matchPreviousExpr;388;1;0;0;0;8
_escapeRegexRangeChars;389;0;0;0;0;4
oneOf;390;0;0;1;1;28
dictOf;391;0;0;0;0;1
srange;392;0;0;1;1;2
matchOnlyAtCol;393;1;0;0;0;3
replaceWith;394;0;0;0;0;2
removeQuotes;395;0;0;0;0;1
upcaseTokens;396;0;0;0;0;1
downcaseTokens;397;0;0;0;0;1
keepOriginalText;398;0;1;1;1;5
getTokensEndLoc;399;1;0;0;0;5
_makeTags;400;0;0;0;0;14
makeHTMLTags;401;0;0;0;0;1
makeXMLTags;402;0;0;0;0;1
withAttribute;403;2;0;0;0;6
operatorPrecedence;404;3;0;0;0;17
nestedExpr;405;2;0;0;0;9
test;406;0;0;1;1;12
type_auto_or_float;407;0;0;0;0;2
type_auto_or_int;408;0;0;0;0;2
compute_time;409;0;0;0;0;2
bench_scikit_transformer;410;0;0;0;0;11
make_sparse_random_data;411;0;0;0;0;3
print_row;412;0;0;0;0;1
alt_nnmf;413;0;0;0;0;11
report;414;0;0;0;0;3
benchmark;415;0;0;0;0;46
generate_perturbed_logarithm_dataset;416;0;0;0;0;1
generate_logistic_dataset;417;0;0;0;0;2
generate_pathological_dataset;418;0;0;0;0;1
bench_isotonic_regression;419;0;0;0;0;5
compute_bench;420;0;0;0;0;56
make_data;421;0;0;0;0;4
calc_exact_neighbors;422;0;0;0;0;7
calc_accuracy;423;0;0;0;0;19
plot;424;0;0;0;0;18
euclidean_distances;425;0;0;0;0;1
rbf_kernels;426;0;0;0;0;1
compute_time;427;0;0;0;0;2
bench_sample;428;0;0;0;0;6
compute_bench;429;0;0;0;0;23
unpickle;430;0;0;0;0;2
handle_missing_dataset;431;0;0;0;0;3
get_data;432;0;0;0;0;32
plot_time_vs_s;433;0;0;0;0;11
scatter_time_vs_s;434;0;0;0;0;13
plot_power_iter_vs_s;435;0;0;0;0;7
svd_timing;436;0;0;0;0;10
norm_diff;437;0;0;0;0;6
scalable_frobenius_norm_discrepancy;438;0;0;0;0;10
bench_a;439;0;0;0;0;25
bench_b;440;0;0;0;0;21
bench_c;441;1;0;0;0;29
rmse;442;0;0;0;0;1
bench;443;0;0;0;0;8
compute_bench;444;0;0;0;0;46
bench_scikit_tree_classifier;445;0;0;0;0;6
bench_scikit_tree_regressor;446;0;0;0;0;6
benchmark;447;0;0;0;0;19
_tabulate;448;0;0;0;0;7
_plot;449;0;0;0;0;10
get_loss;450;0;0;0;0;6
bench_one;451;0;0;3;3;16
bench;452;0;0;0;0;17
plot_train_losses;453;0;0;0;0;5
plot_train_scores;454;0;0;0;0;6
plot_test_scores;455;0;0;0;0;6
plot_dloss;456;0;0;0;0;10
load_data;457;0;0;0;0;17
load_data;458;0;0;0;0;12
compute_bench;459;0;0;0;0;24
plot_results;460;0;0;0;0;1
benchmark;461;0;0;0;0;9
plot_feature_times;462;0;0;0;0;8
plot_feature_errors;463;0;0;0;0;8
plot_batch_times;464;0;0;0;0;8
plot_batch_errors;465;0;0;0;0;7
fixed_batch_size_comparison;466;0;0;0;0;13
variable_batch_size_comparison;467;0;0;0;0;18
sparsity_ratio;468;0;0;0;0;1
benchmark_dense_predict;469;0;0;0;0;2
benchmark_sparse_predict;470;0;0;0;0;3
score;471;0;0;0;0;2
get_data;472;1;0;0;0;7
barplot_neighbors;473;0;0;0;0;73
compute_bench;474;0;0;0;0;31
compute_bench_2;475;0;0;0;0;24
__init__;476;0;0;0;0;1
fit;477;0;0;0;0;1
transform;478;0;0;0;0;1
fit;479;0;0;0;0;1
transform;480;0;0;0;0;1
fit;481;0;0;0;0;1
transform;482;0;0;0;0;13
plot_hyperplane;483;0;0;0;0;5
plot_subfigure;484;1;0;0;0;25
generate_data;485;0;0;0;0;3
dataset_fixed_cov;486;0;0;0;0;6
dataset_cov;487;0;0;0;0;6
plot_data;488;0;0;0;0;26
plot_ellipse;489;0;0;0;0;10
plot_lda_cov;490;0;0;0;0;2
plot_qda_cov;491;0;0;0;0;2
plot_2d;492;0;0;0;0;5
plot_results;493;0;0;0;0;18
plot_samples;494;0;0;0;0;9
plot_ellipses;495;0;0;0;0;11
plot_results;496;0;0;0;0;18
make_ellipses;497;0;0;0;0;14
plot_results;498;0;0;0;0;18
nudge_dataset;499;0;0;0;0;5
plot_on_dataset;500;0;0;0;0;15
plot_calibration_curve;501;0;0;0;0;30
size_mb;502;0;0;0;0;1
trim;503;0;0;0;0;1
benchmark;504;0;0;0;0;28
n_nonzero_columns;505;0;0;0;0;1
tokens;506;0;0;0;0;1
token_freqs;507;0;0;0;0;4
benchmark;508;0;0;0;0;20
pdf;509;0;0;0;0;1
plot_figs;510;0;0;0;0;21
plot_gallery;511;0;0;0;0;9
compute_scores;512;0;0;0;0;8
shrunk_cov_score;513;0;0;0;0;3
lw_score;514;0;0;0;0;1
ricker_function;515;0;0;0;0;3
ricker_matrix;516;0;0;0;0;6
show_with_diff;517;0;0;0;0;14
plot_samples;518;0;0;0;0;13
main;519;0;0;0;0;28
heldout_score;520;0;0;0;0;4
cv_estimate;521;0;0;0;0;8
f;522;0;0;0;0;1
f;523;0;0;0;0;2
generate;524;0;0;0;0;8
plot_gallery;525;0;0;0;0;8
title;526;0;0;0;0;3
print_top_words;527;0;0;0;0;4
_not_in_sphinx;528;0;0;0;0;1
__init__;529;0;0;0;0;3
handle_starttag;530;0;0;0;0;2
handle_endtag;531;0;0;0;0;2
_reset;532;0;0;0;0;8
parse;533;0;0;0;0;4
handle_data;534;0;0;0;0;3
start_reuters;535;0;0;0;0;1
end_reuters;536;0;0;0;0;3
start_title;537;0;0;0;0;1
end_title;538;0;0;0;0;1
start_body;539;0;0;0;0;1
end_body;540;0;0;0;0;1
start_topics;541;0;0;0;0;1
end_topics;542;0;0;0;0;1
start_d;543;0;0;0;0;1
end_d;544;0;0;0;0;3
stream_reuters_documents;545;0;0;0;0;20
get_minibatch;546;0;0;0;0;5
iter_minibatches;547;0;0;0;0;3
progress;548;0;0;0;0;7
plot_accuracy;549;0;0;0;0;7
autolabel;550;0;0;0;0;2
index;551;0;0;0;0;2
short_name;552;0;0;0;0;1
get_redirects;553;0;0;0;0;19
get_adjacency_matrix;554;0;0;0;0;21
centrality_scores;555;0;0;0;0;18
_not_in_sphinx;556;0;0;0;0;1
atomic_benchmark_estimator;557;0;0;0;0;9
bulk_benchmark_estimator;558;0;0;0;0;9
benchmark_estimator;559;0;0;0;0;3
generate_dataset;560;0;0;0;0;14
boxplot_runtimes;561;0;0;0;0;12
benchmark;562;0;0;0;0;12
n_feature_influence;563;0;0;0;0;9
plot_n_features_influence;564;0;0;0;0;12
benchmark_throughputs;565;0;0;0;0;10
plot_benchmark_throughput;566;0;0;0;0;12
generate_data;567;0;0;0;0;15
benchmark_influence;568;0;0;0;0;19
plot_influence;569;0;0;0;0;16
_count_nonzero_coefficients;570;0;0;0;0;2
_weights;571;0;0;0;0;4
_generate_center_coordinates;572;0;0;0;0;5
build_projection_operator;573;0;0;0;0;14
generate_synthetic_data;574;0;0;0;0;10
__init__;575;0;0;0;0;5
changed;576;0;0;0;0;1
add_observer;577;0;0;0;0;1
set_surface;578;0;0;0;0;1
dump_svmlight_file;579;0;0;0;0;4
__init__;580;0;0;0;0;4
fit;581;0;0;0;0;22
decision_surface;582;0;0;0;0;7
clear_data;583;0;0;0;0;3
add_example;584;0;0;0;0;3
refit;585;0;0;0;0;1
__init__;586;0;0;0;0;21
plot_kernels;587;0;0;0;0;3
onclick;588;0;0;0;0;2
update_example;589;0;0;0;0;4
update;590;0;0;0;0;13
remove_surface;591;0;0;0;0;5
plot_support_vectors;592;0;0;0;0;2
plot_decision_surface;593;1;0;0;0;8
__init__;594;0;0;0;0;40
get_parser;595;0;0;0;0;3
main;596;0;0;0;0;10
create_species_bunch;597;0;0;0;0;10
plot_species_distribution;598;0;0;0;0;55
_generate_vector;599;0;0;0;0;1
generate_dataset;600;0;0;0;0;1
all_but_first_column;601;0;0;0;0;1
drop_first_component;602;0;0;0;0;4
format_func;603;0;0;0;0;4
sqr;604;0;0;0;0;1
make_data;605;0;0;0;0;7
uniform_labelings_scores;606;0;0;0;0;9
recreate_image;607;0;0;0;0;8
bench_k_means;608;0;0;0;0;3
nudge_images;609;0;0;0;0;4
plot_clustering;610;0;0;0;0;10
__init__;611;0;0;0;0;2
__call__;612;0;0;0;0;2
my_kernel;613;0;0;0;0;2
plot_decision_function;614;0;0;0;0;7
plot_confusion_matrix;615;0;0;0;0;16
plot_learning_curve;616;0;0;0;0;18
report;617;0;0;0;0;6
number_aware_tokenizer;618;0;0;0;0;4
bicluster_ncut;619;0;0;0;0;9
most_common;620;0;0;0;0;1
f;621;0;0;0;0;1
g;622;0;0;0;0;1
plot_hyperplane;623;0;0;0;0;2
modified_huber_loss;624;0;0;0;0;5
f;625;0;0;0;0;1
plot_figs;626;0;0;0;0;11
plot_hyperplane;627;0;0;0;0;2
mutual_incoherence;628;0;0;0;0;2
l1;629;0;0;0;0;1
l2;630;0;0;0;0;1
el;631;0;0;0;0;1
cross;632;0;0;0;0;2
plot_ic_criterion;633;0;0;0;0;7
model;634;0;0;0;0;1
plot_embedding;635;0;0;0;0;17
johnson_lindenstrauss_min_dim;636;2;0;0;0;9
_check_density;637;1;0;0;0;3
_check_input_size;638;2;0;0;0;2
gaussian_random_matrix;639;0;0;0;0;4
sparse_random_matrix;640;0;0;0;0;18
__init__;641;0;0;0;0;6
_make_random_matrix;642;0;0;0;0;0
fit;643;3;0;0;0;11
transform;644;2;0;0;0;5
__init__;645;0;0;0;0;1
_make_random_matrix;646;0;0;0;0;2
__init__;647;0;0;0;0;3
_make_random_matrix;648;0;0;0;0;3
configuration;649;0;0;0;0;44
_first_and_last_element;650;0;0;0;0;5
clone;651;2;0;0;0;28
_pprint;652;0;0;0;0;22
_get_param_names;653;1;0;0;0;6
get_params;654;0;0;0;0;12
set_params;655;2;0;0;0;12
__repr__;656;0;0;0;0;2
__getstate__;657;0;0;0;0;3
__setstate__;658;0;0;0;0;4
score;659;0;0;0;0;1
score;660;0;0;0;0;1
fit_predict;661;0;0;0;0;2
biclusters_;662;0;0;0;0;1
get_indices;663;0;0;0;0;3
get_shape;664;0;0;0;0;2
get_submatrix;665;0;0;0;0;3
fit_transform;666;0;0;0;0;2
score;667;0;0;0;0;1
is_classifier;668;0;0;0;0;1
is_regressor;669;0;0;0;0;1
setup_module;670;0;0;0;0;6
__init__;671;0;0;0;0;1
_replace_step;672;0;0;0;0;4
_get_params;673;0;0;0;0;7
_set_params;674;0;0;0;0;6
_validate_names;675;3;0;0;0;7
__init__;676;0;0;0;0;2
get_params;677;0;0;0;0;1
set_params;678;0;0;0;0;2
_validate_steps;679;2;0;0;0;10
_estimator_type;680;0;0;0;0;1
named_steps;681;0;0;0;0;1
_final_estimator;682;0;0;0;0;1
_fit;683;0;0;0;0;12
fit;684;0;0;0;0;3
fit_transform;685;0;0;0;0;6
predict;686;0;0;0;0;4
fit_predict;687;0;0;0;0;4
predict_proba;688;0;0;0;0;4
decision_function;689;0;0;0;0;4
predict_log_proba;690;0;0;0;0;4
transform;691;0;0;0;0;1
_transform;692;0;0;0;0;3
inverse_transform;693;0;0;0;0;1
_inverse_transform;694;0;0;0;0;6
score;695;0;0;0;0;4
classes_;696;0;0;0;0;1
_pairwise;697;0;0;0;0;1
_name_estimators;698;0;0;0;0;11
make_pipeline;699;0;0;0;0;1
_fit_one_transformer;700;0;0;0;0;1
_transform_one;701;0;0;0;0;3
_fit_transform_one;702;0;0;0;0;5
__init__;703;0;0;0;0;4
get_params;704;0;0;0;0;1
set_params;705;0;0;0;0;2
_validate_transformers;706;1;0;0;0;6
_iter;707;0;0;0;0;2
get_feature_names;708;1;0;0;0;6
fit;709;0;0;0;0;4
fit_transform;710;0;0;0;0;9
transform;711;0;0;0;0;6
_update_transformer_list;712;0;0;0;0;2
make_union;713;0;0;0;0;1
_fit_binary;714;0;0;0;0;9
_partial_fit_binary;715;0;0;0;0;2
_predict_binary;716;0;0;1;1;5
_check_estimator;717;1;0;0;0;3
fit;718;0;0;0;0;2
predict;719;0;0;0;0;2
decision_function;720;0;0;0;0;2
predict_proba;721;0;0;0;0;2
__init__;722;0;0;0;0;2
fit;723;0;0;0;0;7
partial_fit;724;1;0;0;0;10
predict;725;0;0;0;0;21
predict_proba;726;0;0;0;0;6
decision_function;727;1;0;0;0;4
multilabel_;728;0;0;0;0;1
n_classes_;729;0;0;0;0;1
coef_;730;1;0;0;0;7
intercept_;731;1;0;0;0;4
_pairwise;732;0;0;0;0;1
_fit_ovo_binary;733;0;0;0;0;7
_partial_fit_ovo_binary;734;0;0;0;0;5
__init__;735;0;0;0;0;2
fit;736;0;0;1;1;8
partial_fit;737;0;0;0;0;8
predict;738;0;0;0;0;2
decision_function;739;0;0;0;0;8
n_classes_;740;0;0;0;0;1
_pairwise;741;0;0;0;0;1
__init__;742;0;0;0;0;4
fit;743;1;0;0;0;15
predict;744;0;0;0;0;4
__init__;745;1;0;0;0;4
__iter__;746;0;0;0;0;5
_iter_test_masks;747;0;0;0;0;3
_iter_test_indices;748;1;0;0;0;1
_empty_mask;749;0;0;0;0;1
_iter_test_indices;750;0;0;0;0;1
__repr__;751;0;0;0;0;1
__len__;752;0;0;0;0;1
__init__;753;0;0;0;0;2
_iter_test_indices;754;0;0;0;0;2
__repr__;755;0;0;0;0;1
__len__;756;0;0;0;0;1
__init__;757;4;0;0;0;11
__init__;758;0;0;0;0;4
_iter_test_indices;759;0;0;0;0;7
__repr__;760;0;0;0;0;1
__len__;761;0;0;0;0;1
__init__;762;1;0;0;0;14
_iter_test_indices;763;0;0;0;0;2
__repr__;764;0;0;0;0;1
__len__;765;0;0;0;0;1
__init__;766;1;0;0;0;21
_iter_test_masks;767;0;0;0;0;1
__repr__;768;0;0;0;0;1
__len__;769;0;0;0;0;1
__init__;770;0;0;0;0;4
_iter_test_masks;771;0;0;0;0;0
__repr__;772;0;0;0;0;1
__len__;773;0;0;0;0;1
__init__;774;0;0;0;0;5
_iter_test_masks;775;0;0;0;0;4
__repr__;776;0;0;0;0;1
__len__;777;0;0;0;0;1
__init__;778;0;0;0;0;6
__iter__;779;0;0;0;0;2
_iter_indices;780;0;0;0;0;0
_iter_indices;781;0;0;0;0;5
__repr__;782;0;0;0;0;1
__len__;783;0;0;0;0;1
_validate_shuffle_split;784;9;0;0;0;24
_approximate_mode;785;0;0;0;0;11
__init__;786;3;0;0;0;8
_iter_indices;787;0;0;0;0;15
__repr__;788;0;0;0;0;1
__len__;789;0;0;0;0;1
__init__;790;0;0;0;0;5
_iter_test_indices;791;0;0;0;0;1
__repr__;792;0;0;0;0;1
__len__;793;0;0;0;0;1
__init__;794;0;0;0;0;5
__repr__;795;0;0;0;0;1
__len__;796;0;0;0;0;1
_iter_indices;797;0;0;0;0;3
_index_param_value;798;0;0;0;0;7
cross_val_predict;799;1;0;0;0;14
_fit_and_predict;800;0;0;0;0;8
_check_is_partition;801;0;0;0;0;7
cross_val_score;802;0;0;0;0;6
_fit_and_score;803;0;2;1;1;27
_safe_split;804;3;0;0;0;16
_score;805;1;0;1;1;8
_permutation_test_score;806;0;0;0;0;4
_shuffle;807;0;0;0;0;6
check_cv;808;0;0;0;0;10
permutation_test_score;809;0;0;0;0;9
train_test_split;810;2;0;0;0;14
_cov;811;3;0;0;0;14
_class_means;812;0;0;0;0;5
_class_cov;813;0;0;0;0;5
__init__;814;0;0;0;0;6
_solve_lsqr;815;0;0;0;0;4
_solve_eigen;816;0;0;0;0;12
_solve_svd;817;0;0;0;0;27
fit;818;3;0;0;0;22
transform;819;1;0;0;0;7
predict_proba;820;0;0;0;0;9
predict_log_proba;821;0;0;0;0;1
__init__;822;0;0;0;0;4
fit;823;2;0;0;0;37
_decision_function;824;0;0;0;0;12
decision_function;825;0;0;0;0;4
predict;826;0;0;0;0;3
predict_proba;827;0;0;0;0;3
predict_log_proba;828;0;0;0;0;2
learning_curve;829;1;0;0;0;23
_translate_train_sizes;830;2;0;0;0;12
_incremental_fit_estimator;831;0;0;0;0;11
validation_curve;832;0;0;0;0;10
__init__;833;0;0;0;0;3
__iter__;834;0;0;0;0;4
__len__;835;0;0;0;0;2
__getitem__;836;1;0;0;0;12
__init__;837;0;0;0;0;3
__iter__;838;1;0;0;0;12
__len__;839;0;0;0;0;1
fit_grid_point;840;0;0;0;0;2
_check_param_grid;841;3;0;0;0;9
__repr__;842;0;0;0;0;1
__init__;843;0;0;0;0;10
_estimator_type;844;0;0;0;0;1
score;845;1;0;0;0;4
predict;846;0;0;0;0;2
predict_proba;847;0;0;0;0;2
predict_log_proba;848;0;0;0;0;2
decision_function;849;0;0;0;0;2
transform;850;0;0;0;0;2
inverse_transform;851;0;0;0;0;2
_fit;852;1;0;0;0;39
__init__;853;0;0;0;0;3
fit;854;0;0;0;0;1
__init__;855;0;0;0;0;4
fit;856;0;0;0;0;2
__init__;857;0;0;0;0;3
fit;858;0;0;0;0;6
transform;859;0;0;0;0;7
__init__;860;0;0;0;0;3
fit;861;0;0;0;0;7
transform;862;1;0;0;0;12
__init__;863;0;0;0;0;2
fit;864;1;0;0;0;7
transform;865;1;0;0;0;8
_transform_dense;866;0;0;0;0;16
_transform_sparse;867;0;0;0;0;16
__init__;868;0;0;0;0;7
fit;869;0;0;0;0;17
transform;870;0;0;0;0;5
_get_kernel_params;871;0;0;0;0;7
check_increasing;872;0;0;0;0;10
isotonic_regression;873;0;0;0;0;9
__init__;874;0;0;0;0;4
X_;875;0;0;0;0;2
X_;876;0;0;0;0;1
X_;877;0;0;0;0;1
y_;878;0;0;0;0;2
y_;879;0;0;0;0;1
y_;880;0;0;0;0;1
_check_fit_data;881;1;0;0;0;2
_build_f;882;1;0;0;0;5
_build_y;883;0;0;0;0;20
fit;884;0;0;0;0;4
transform;885;2;0;0;0;6
predict;886;0;0;0;0;1
__getstate__;887;0;0;0;0;3
__setstate__;888;0;0;0;0;4
__init__;889;0;0;0;0;6
_get_kernel;890;0;0;0;0;4
_pairwise;891;0;0;0;0;1
fit;892;0;0;0;0;12
predict;893;0;0;0;0;3
_fit_estimator;894;0;0;0;0;4
__init__;895;0;0;0;0;2
fit;896;3;0;0;0;8
predict;897;1;0;0;0;6
__init__;898;0;0;0;0;1
score;899;0;0;0;0;1
__init__;900;0;0;0;0;1
predict_proba;901;1;0;0;0;5
score;902;2;0;0;0;6
_joint_log_likelihood;903;0;0;0;0;0
predict;904;0;0;0;0;2
predict_log_proba;905;0;0;0;0;3
predict_proba;906;0;0;0;0;1
__init__;907;0;0;0;0;1
fit;908;0;0;0;0;2
_update_mean_variance;909;0;0;0;0;15
partial_fit;910;0;0;0;0;1
_partial_fit;911;5;0;0;0;40
_joint_log_likelihood;912;0;0;0;0;10
_update_class_log_prior;913;1;0;0;0;6
partial_fit;914;2;0;0;0;21
fit;915;0;0;0;0;17
_get_coef;916;0;0;0;0;1
_get_intercept;917;0;0;0;0;1
__init__;918;0;0;0;0;3
_count;919;1;0;0;0;4
_update_feature_log_prob;920;0;0;0;0;3
_joint_log_likelihood;921;0;0;0;0;3
__init__;922;0;0;0;0;4
_count;923;0;0;0;0;3
_update_feature_log_prob;924;0;0;0;0;3
_joint_log_likelihood;925;1;0;0;0;10
__init__;926;0;0;0;0;3
fit;927;4;0;0;0;19
predict;928;1;0;0;0;27
predict_proba;929;0;0;0;0;27
predict_log_proba;930;0;0;0;0;3
__init__;931;0;0;0;0;3
fit;932;5;0;0;0;22
predict;933;0;0;0;0;6
__init__;934;0;0;0;0;3
fit;935;1;0;0;0;29
predict_proba;936;0;0;0;0;7
predict;937;0;0;0;0;2
__init__;938;0;0;0;0;2
_preproc;939;1;0;0;0;10
fit;940;1;0;0;0;12
predict_proba;941;0;0;0;0;11
_sigmoid_calibration;942;0;0;0;0;25
fit;943;0;0;0;0;5
predict;944;0;0;0;0;2
calibration_curve;945;1;0;0;0;16
configuration;946;0;0;0;0;6
_average_binary_score;947;2;0;0;0;31
_check_reg_targets;948;3;0;0;0;14
mean_absolute_error;949;0;0;0;0;6
mean_squared_error;950;0;0;0;0;6
median_absolute_error;951;1;0;0;0;3
explained_variance_score;952;0;0;0;0;17
r2_score;953;0;0;0;0;24
__init__;954;0;0;0;0;4
__call__;955;0;0;0;0;1
__repr__;956;0;0;0;0;2
_factory_args;957;0;0;0;0;1
__call__;958;0;0;0;0;4
__call__;959;0;0;0;0;4
_factory_args;960;0;0;0;0;1
__call__;961;1;0;1;1;14
_factory_args;962;0;0;0;0;1
get_scorer;963;0;1;1;1;6
_passthrough_scorer;964;0;0;0;0;1
check_scoring;965;3;0;0;0;16
make_scorer;966;1;0;0;0;6
auc;967;2;0;0;0;16
average_precision_score;968;0;0;0;0;3
roc_auc_score;969;1;0;0;0;5
_binary_clf_curve;970;1;0;0;0;26
precision_recall_curve;971;0;0;0;0;6
roc_curve;972;0;0;0;0;16
label_ranking_average_precision_score;973;2;0;0;0;18
coverage_error;974;2;0;0;0;11
label_ranking_loss;975;2;0;0;0;20
_return_float_dtype;976;0;0;0;0;12
check_pairwise_arrays;977;2;0;0;0;10
check_paired_arrays;978;1;0;0;0;3
euclidean_distances;979;2;0;0;0;16
pairwise_distances_argmin_min;980;1;0;0;0;30
pairwise_distances_argmin;981;0;0;0;0;2
manhattan_distances;982;1;0;0;0;13
cosine_distances;983;0;0;0;0;4
paired_euclidean_distances;984;0;0;0;0;2
paired_manhattan_distances;985;0;0;0;0;6
paired_cosine_distances;986;0;0;0;0;2
paired_distances;987;1;0;0;0;9
linear_kernel;988;0;0;0;0;2
polynomial_kernel;989;0;0;0;0;7
sigmoid_kernel;990;0;0;0;0;7
rbf_kernel;991;0;0;0;0;6
laplacian_kernel;992;0;0;0;0;5
cosine_similarity;993;0;0;0;0;6
additive_chi2_kernel;994;3;0;0;0;11
chi2_kernel;995;0;0;0;0;3
distance_metrics;996;0;0;0;0;1
_parallel_pairwise;997;0;0;0;0;6
_pairwise_callable;998;0;0;0;0;12
pairwise_distances;999;2;0;0;0;15
kernel_metrics;1000;0;0;0;0;1
pairwise_kernels;1001;1;0;0;0;10
_check_targets;1002;2;0;0;0;17
_weighted_sum;1003;0;0;0;0;3
accuracy_score;1004;0;0;0;0;6
confusion_matrix;1005;2;0;0;0;19
cohen_kappa_score;1006;1;0;0;0;14
jaccard_similarity_score;1007;0;0;0;0;9
matthews_corrcoef;1008;1;0;0;0;17
zero_one_loss;1009;0;0;0;0;5
f1_score;1010;0;0;0;0;1
fbeta_score;1011;0;0;0;0;2
_prf_divide;1012;0;0;0;0;18
precision_recall_fscore_support;1013;7;0;0;0;70
precision_score;1014;0;0;0;0;2
recall_score;1015;0;0;0;0;2
classification_report;1016;0;0;0;0;29
hamming_loss;1017;1;0;0;0;12
log_loss;1018;4;0;0;0;20
hinge_loss;1019;1;1;1;1;23
_check_binary_probabilistic_predictions;1020;3;0;0;0;9
brier_score_loss;1021;0;0;0;0;8
configuration;1022;0;0;0;0;6
comb2;1023;0;0;0;0;1
check_clusterings;1024;3;0;0;0;6
contingency_matrix;1025;1;0;0;0;11
adjusted_rand_score;1026;0;0;0;0;12
homogeneity_completeness_v_measure;1027;0;0;0;0;12
homogeneity_score;1028;0;0;0;0;1
completeness_score;1029;0;0;0;0;1
v_measure_score;1030;0;0;0;0;1
mutual_info_score;1031;1;0;0;0;18
adjusted_mutual_info_score;1032;0;0;0;0;12
normalized_mutual_info_score;1033;0;0;0;0;10
fowlkes_mallows_score;1034;0;0;0;0;7
entropy;1035;0;0;0;0;7
_check_rows_and_columns;1036;0;0;0;0;6
_jaccard;1037;0;0;0;0;4
_pairwise_similarity;1038;0;0;0;0;5
consensus_score;1039;0;0;0;0;6
check_number_of_labels;1040;1;0;0;0;1
silhouette_score;1041;0;0;0;0;6
silhouette_samples;1042;0;0;0;0;22
calinski_harabaz_score;1043;0;0;0;0;14
scale_face;1044;0;0;0;0;3
check_fetch_lfw;1045;2;0;0;0;25
_load_imgs;1046;1;1;2;2;23
_fetch_lfw_people;1047;1;0;0;0;18
fetch_lfw_people;1048;0;0;0;0;8
_fetch_lfw_pairs;1049;1;0;1;1;27
load_lfw_people;1050;0;0;0;0;2
fetch_lfw_pairs;1051;1;0;0;0;11
load_lfw_pairs;1052;0;0;0;0;2
configuration;1053;0;0;0;0;8
mldata_filename;1054;0;0;0;0;2
fetch_mldata;1055;0;2;2;2;41
setup_module;1056;0;0;0;0;1
teardown_module;1057;0;0;0;0;1
__init__;1058;0;0;0;0;1
__setattr__;1059;0;0;0;0;1
__dir__;1060;0;0;0;0;1
__getattr__;1061;0;1;1;1;2
__setstate__;1062;0;0;0;0;1
get_data_home;1063;0;0;0;0;5
clear_data_home;1064;0;0;0;0;2
load_files;1065;0;0;0;0;24
load_iris;1066;0;0;0;0;16
load_breast_cancer;1067;0;0;0;0;17
load_digits;1068;0;0;0;0;13
load_diabetes;1069;0;0;0;0;5
load_linnerud;1070;0;0;0;0;11
load_boston;1071;0;0;0;0;19
load_sample_images;1072;0;1;2;2;7
load_sample_image;1073;1;0;0;0;7
_pkl_filepath;1074;0;0;0;0;5
fetch_olivetti_faces;1075;0;0;0;0;23
fetch_kddcup99;1076;0;0;0;0;32
_fetch_brute_kddcup99;1077;0;0;1;1;32
_mkdirp;1078;0;1;1;1;2
load_svmlight_file;1079;0;0;0;0;1
_gen_open;1080;1;0;0;0;8
_open_and_load;1081;0;0;0;0;11
load_svmlight_files;1082;1;0;0;0;14
_dump_svmlight;1083;0;0;0;0;27
dump_svmlight_file;1084;5;0;0;0;28
fetch_rcv1;1085;1;0;0;0;72
_inverse_permutation;1086;0;0;0;0;5
_find_permutation;1087;0;0;0;0;4
download_20newsgroups;1088;0;0;0;0;21
strip_newsgroup_header;1089;0;0;0;0;2
strip_newsgroup_quoting;1090;0;0;0;0;2
strip_newsgroup_footer;1091;0;0;0;0;6
fetch_20newsgroups;1092;2;0;1;1;52
fetch_20newsgroups_vectorized;1093;1;0;0;0;25
fetch_covtype;1094;0;0;1;1;21
_load_document_classification;1095;0;0;0;0;2
load_mlcomp;1096;4;1;1;1;29
_load_coverage;1097;0;0;0;0;7
_load_csv;1098;0;0;0;0;5
construct_grids;1099;0;0;0;0;7
fetch_species_distributions;1100;0;0;0;0;23
fetch_california_housing;1101;0;0;0;0;20
_generate_hypercube;1102;0;0;0;0;4
make_classification;1103;3;0;0;0;49
make_multilabel_classification;1104;1;0;0;0;40
make_hastie_10_2;1105;0;0;0;0;6
make_regression;1106;0;0;0;0;16
make_circles;1107;1;0;0;0;12
make_moons;1108;0;0;0;0;12
make_blobs;1109;0;0;0;0;23
make_friedman1;1110;1;0;0;0;5
make_friedman2;1111;0;0;0;0;9
make_friedman3;1112;0;0;0;0;9
make_low_rank_matrix;1113;0;0;0;0;9
make_sparse_coded_signal;1114;0;0;0;0;11
make_sparse_uncorrelated;1115;0;0;0;0;4
make_spd_matrix;1116;0;0;0;0;5
make_sparse_spd_matrix;1117;0;0;0;0;15
make_swiss_roll;1118;0;0;0;0;10
make_s_curve;1119;0;0;0;0;10
make_gaussian_quantiles;1120;1;0;0;0;11
_shuffle;1121;0;0;0;0;6
make_biclusters;1122;0;0;0;0;18
make_checkerboard;1123;0;0;0;0;21
_check_shape;1124;1;0;0;0;2
_check_X;1125;2;0;0;0;4
__init__;1126;0;0;0;0;10
_check_initial_parameters;1127;5;0;0;0;6
_check_parameters;1128;0;0;0;0;1
_initialize_parameters;1129;1;0;0;0;8
_initialize;1130;0;0;0;0;1
fit;1131;0;0;0;0;29
_e_step;1132;0;0;0;0;2
_m_step;1133;0;0;0;0;1
_check_is_fitted;1134;0;0;0;0;1
_get_parameters;1135;0;0;0;0;1
_set_parameters;1136;0;0;0;0;1
score_samples;1137;0;0;0;0;3
score;1138;0;0;0;0;1
predict;1139;0;0;0;0;3
predict_proba;1140;0;0;0;0;4
sample;1141;1;0;0;0;10
_estimate_weighted_log_prob;1142;0;0;0;0;1
_estimate_log_weights;1143;0;0;0;0;1
_estimate_log_prob;1144;0;0;0;0;1
_estimate_log_prob_resp;1145;0;0;0;0;5
_print_verbose_msg_init_beg;1146;0;0;0;0;4
_print_verbose_msg_iter_end;1147;0;0;0;0;4
_print_verbose_msg_init_end;1148;0;0;0;0;2
_log_dirichlet_norm;1149;0;0;0;0;1
_log_wishart_norm;1150;0;0;0;0;1
__init__;1151;0;0;0;0;8
_check_parameters;1152;2;0;0;0;6
_check_weights_parameters;1153;1;0;0;0;3
_check_means_parameters;1154;1;0;0;0;7
_check_precision_parameters;1155;1;0;0;0;4
_checkcovariance_prior_parameter;1156;1;0;0;0;10
_initialize;1157;0;0;0;0;4
_estimate_weights;1158;0;0;0;0;2
_estimate_means;1159;0;0;0;0;2
_estimate_precisions;1160;0;0;0;0;2
_estimate_wishart_full;1161;0;0;0;0;7
_estimate_wishart_tied;1162;0;0;0;0;5
_estimate_wishart_diag;1163;0;0;0;0;5
_estimate_wishart_spherical;1164;0;0;0;0;5
_check_is_fitted;1165;0;0;0;0;1
_m_step;1166;0;0;0;0;5
_estimate_log_weights;1167;0;0;0;0;5
_estimate_log_prob;1168;0;0;0;0;4
_compute_lower_bound;1169;0;0;0;0;7
_get_parameters;1170;0;0;0;0;1
_set_parameters;1171;0;0;0;0;9
_check_weights;1172;2;0;0;0;8
_check_means;1173;0;0;0;0;3
_check_precision_positivity;1174;1;0;0;0;2
_check_precision_matrix;1175;1;0;0;0;3
_check_precisions_full;1176;0;0;0;0;2
_check_precisions;1177;0;0;0;0;6
_estimate_gaussian_covariances_full;1178;0;0;0;0;7
_estimate_gaussian_covariances_tied;1179;0;0;0;0;6
_estimate_gaussian_covariances_diag;1180;0;0;0;0;4
_estimate_gaussian_covariances_spherical;1181;0;0;0;0;1
_estimate_gaussian_parameters;1182;0;0;0;0;4
_compute_precision_cholesky;1183;1;2;2;2;15
_compute_log_det_cholesky;1184;0;0;0;0;6
_estimate_log_gaussian_prob;1185;0;0;0;0;16
__init__;1186;0;0;0;0;5
_check_parameters;1187;1;0;0;0;5
_initialize;1188;0;0;0;0;10
_m_step;1189;0;0;0;0;4
_estimate_log_prob;1190;0;0;0;0;1
_estimate_log_weights;1191;0;0;0;0;1
_compute_lower_bound;1192;0;0;0;0;1
_check_is_fitted;1193;0;0;0;0;1
_get_parameters;1194;0;0;0;0;1
_set_parameters;1195;0;0;0;0;7
_n_parameters;1196;0;0;0;0;7
bic;1197;0;0;0;0;1
aic;1198;0;0;0;0;1
digamma;1199;0;0;0;0;2
gammaln;1200;0;0;0;0;2
log_normalize;1201;0;0;0;0;9
wishart_log_det;1202;0;0;0;0;4
wishart_logz;1203;0;0;0;0;7
_bound_wishart;1204;0;0;0;0;6
_sym_quad_form;1205;0;0;0;0;2
_bound_state_log_lik;1206;0;0;0;0;12
__init__;1207;0;0;0;0;2
_get_precisions;1208;0;0;0;0;3
_get_covars;1209;0;0;0;0;1
_set_covars;1210;1;0;0;0;1
score_samples;1211;1;0;0;0;19
_update_concentration;1212;0;0;0;0;6
_update_means;1213;0;0;0;0;12
_update_precisions;1214;0;0;0;0;36
_monitor;1215;0;0;0;0;3
_do_mstep;1216;0;0;0;0;7
_initialize_gamma;1217;0;0;0;0;1
_bound_concentration;1218;0;0;0;0;7
_bound_means;1219;0;0;0;0;4
_bound_precisions;1220;0;0;0;0;11
_bound_proportions;1221;0;0;0;0;9
_logprior;1222;0;0;0;0;5
lower_bound;1223;1;0;0;0;6
_set_weights;1224;0;0;0;0;3
_fit;1225;0;0;0;0;53
__init__;1226;0;0;0;0;1
__init__;1227;0;0;0;0;2
_fit;1228;0;0;0;0;2
score_samples;1229;1;0;0;0;10
_update_concentration;1230;0;0;0;0;2
_initialize_gamma;1231;0;0;0;0;1
_bound_proportions;1232;0;0;0;0;7
_bound_concentration;1233;0;0;0;0;6
_monitor;1234;0;0;0;0;3
_set_weights;1235;0;0;0;0;2
log_multivariate_normal_density;1236;0;0;0;0;3
sample_gaussian;1237;0;0;0;0;13
__init__;1238;2;0;0;0;14
_get_covars;1239;0;0;0;0;4
_set_covars;1240;0;0;0;0;3
score_samples;1241;1;0;0;0;9
score;1242;0;0;0;0;2
predict;1243;0;0;0;0;2
predict_proba;1244;0;0;0;0;2
sample;1245;0;0;0;0;15
fit_predict;1246;0;0;0;0;1
_fit;1247;2;0;0;0;43
fit;1248;0;0;0;0;2
_do_mstep;1249;0;0;0;0;8
_n_parameters;1250;0;0;0;0;7
bic;1251;0;0;0;0;1
aic;1252;0;0;0;0;1
__init__;1253;0;0;0;0;1
_log_multivariate_normal_density_diag;1254;0;0;0;0;3
_log_multivariate_normal_density_spherical;1255;0;0;0;0;4
_log_multivariate_normal_density_tied;1256;0;0;0;0;2
_log_multivariate_normal_density_full;1257;0;1;2;2;11
_validate_covars;1258;10;0;0;0;20
distribute_covar_matrix_to_match_covariance_type;1259;1;0;0;0;7
_covar_mstep_diag;1260;0;0;0;0;4
_covar_mstep_spherical;1261;0;0;0;0;2
_covar_mstep_full;1262;0;0;0;0;10
_covar_mstep_tied;1263;0;0;0;0;6
get_blas_info;1264;0;0;0;0;10
configuration;1265;0;0;0;0;7
get_covariance;1266;0;0;0;0;7
get_precision;1267;0;0;0;0;13
fit;1268;0;0;0;0;0
transform;1269;0;0;0;0;6
inverse_transform;1270;0;0;0;0;2
__init__;1271;0;0;0;0;5
fit;1272;0;0;0;0;2
fit_transform;1273;2;0;0;0;22
transform;1274;0;0;0;0;2
inverse_transform;1275;0;0;0;0;2
_update_doc_distribution;1276;0;0;0;0;28
__init__;1277;0;0;0;0;16
_check_params;1278;4;0;0;0;4
_init_latent_vars;1279;0;0;0;0;11
_e_step;1280;0;0;0;0;11
_em_step;1281;0;0;0;0;9
_check_non_neg_array;1282;0;0;0;0;3
partial_fit;1283;1;0;0;0;12
fit;1284;0;0;0;0;24
transform;1285;2;0;0;0;8
_approx_bound;1286;0;0;0;0;28
score;1287;0;0;0;0;4
perplexity;1288;3;0;0;0;13
_assess_dimension_;1289;1;0;0;0;21
_infer_dimension_;1290;0;0;0;0;5
__init__;1291;0;0;0;0;7
fit;1292;0;0;0;0;2
fit_transform;1293;0;0;0;0;5
_fit;1294;0;0;0;0;11
_fit_full;1295;2;0;0;0;23
_fit_truncated;1296;3;0;0;0;22
score_samples;1297;0;0;0;0;9
score;1298;0;0;0;0;1
__init__;1299;0;0;0;0;5
fit;1300;0;0;0;0;2
_fit;1301;0;0;0;0;14
transform;1302;0;0;0;0;5
fit_transform;1303;0;0;0;0;3
inverse_transform;1304;0;0;0;0;4
__init__;1305;0;0;0;0;4
fit;1306;0;0;0;0;15
partial_fit;1307;2;0;0;0;32
_sparse_encode;1308;1;0;0;0;24
sparse_encode;1309;0;0;0;0;22
_update_dict;1310;0;0;0;0;24
dict_learning;1311;1;0;0;0;37
dict_learning_online;1312;1;0;0;0;55
_set_sparse_coding_params;1313;0;0;0;0;6
transform;1314;0;0;0;0;10
__init__;1315;0;0;0;0;2
fit;1316;0;0;0;0;1
__init__;1317;0;0;0;0;9
fit;1318;0;0;0;0;8
__init__;1319;0;0;0;0;10
fit;1320;0;0;0;0;7
partial_fit;1321;0;0;0;0;13
__init__;1322;0;0;0;0;11
fit;1323;0;0;0;0;10
transform;1324;0;0;0;0;8
__init__;1325;0;0;0;0;11
fit;1326;0;0;0;0;7
__init__;1327;1;0;0;0;17
_pairwise;1328;0;0;0;0;1
_get_kernel;1329;0;0;0;0;4
_fit_transform;1330;0;0;0;0;16
_fit_inverse_transform;1331;1;0;0;0;7
fit;1332;0;0;0;0;8
fit_transform;1333;0;0;0;0;4
transform;1334;0;0;0;0;3
inverse_transform;1335;1;0;0;0;3
safe_vstack;1336;0;0;0;0;3
norm;1337;0;0;0;0;1
trace_dot;1338;0;0;0;0;1
_sparseness;1339;0;0;0;0;2
_check_init;1340;2;0;0;0;6
_safe_compute_error;1341;0;0;0;0;7
_check_string_param;1342;2;0;0;0;4
_initialize_nmf;1343;1;0;0;0;43
_nls_subproblem;1344;0;0;0;0;25
_update_projected_gradient_w;1345;0;0;0;0;6
_update_projected_gradient_h;1346;0;0;0;0;6
_fit_projected_gradient;1347;0;0;0;0;15
_update_coordinate_descent;1348;0;0;0;0;9
_fit_coordinate_descent;1349;0;0;0;0;18
non_negative_factorization;1350;4;0;0;0;23
__init__;1351;0;0;0;0;15
fit_transform;1352;0;0;0;0;9
fit;1353;0;0;0;0;2
transform;1354;0;0;0;0;4
inverse_transform;1355;0;0;0;0;2
__init__;1356;0;0;0;0;1
_gs_decorrelation;1357;0;0;0;0;2
_sym_decorrelation;1358;0;0;0;0;2
_ica_def;1359;0;0;0;0;16
_ica_par;1360;0;0;0;0;11
_logcosh;1361;0;0;0;0;7
_exp;1362;0;0;0;0;4
_cube;1363;0;0;0;0;1
fastica;1364;4;0;0;0;48
__init__;1365;0;0;0;0;10
_fit;1366;0;0;0;0;9
fit_transform;1367;0;0;0;0;1
fit;1368;0;0;0;0;2
transform;1369;0;0;0;0;4
inverse_transform;1370;0;0;0;0;5
__init__;1371;1;0;0;0;9
fit;1372;2;0;0;0;41
transform;1373;0;0;0;0;9
get_covariance;1374;0;0;0;0;4
get_precision;1375;0;0;0;0;12
score_samples;1376;0;0;0;0;8
score;1377;0;0;0;0;1
__init__;1378;0;0;0;0;6
transform;1379;0;0;0;0;3
_mean_hiddens;1380;0;0;0;0;3
_sample_hiddens;1381;0;0;0;0;2
_sample_visibles;1382;0;0;0;0;4
_free_energy;1383;0;0;0;0;1
gibbs;1384;0;0;0;0;6
partial_fit;1385;0;0;0;0;12
_fit;1386;0;0;0;0;11
score_samples;1387;0;0;0;0;12
fit;1388;0;0;0;0;17
identity;1389;0;0;0;0;1
logistic;1390;0;0;0;0;1
tanh;1391;0;0;0;0;1
relu;1392;0;0;0;0;2
softmax;1393;0;0;0;0;4
inplace_identity_derivative;1394;0;0;0;0;0
inplace_logistic_derivative;1395;0;0;0;0;2
inplace_tanh_derivative;1396;0;0;0;0;1
inplace_relu_derivative;1397;0;0;0;0;1
squared_loss;1398;0;0;0;0;1
log_loss;1399;0;0;0;0;4
binary_log_loss;1400;0;0;0;0;2
__init__;1401;0;0;0;0;3
update_params;1402;0;0;0;0;3
iteration_ends;1403;0;0;0;0;1
trigger_stopping;1404;0;0;0;0;2
__init__;1405;0;0;0;0;6
iteration_ends;1406;0;0;0;0;1
trigger_stopping;1407;0;0;0;0;7
_get_updates;1408;0;0;0;0;4
__init__;1409;0;0;0;0;7
_get_updates;1410;0;0;0;0;6
_pack;1411;0;0;0;0;1
__init__;1412;0;0;0;0;22
_unpack;1413;0;0;0;0;5
_forward_pass;1414;0;0;0;0;8
_compute_loss_grad;1415;0;0;0;0;5
_loss_grad_lbfgs;1416;0;0;0;0;5
_backprop;1417;0;0;0;0;16
_initialize;1418;0;0;0;0;19
_init_coef;1419;1;0;0;0;6
_fit;1420;1;0;0;0;27
_validate_hyperparameters;1421;14;0;0;0;19
_fit_lbfgs;1422;0;0;0;0;17
_fit_stochastic;1423;0;0;1;1;37
_update_no_improvement_count;1424;0;0;0;0;11
fit;1425;0;0;0;0;1
partial_fit;1426;1;0;0;0;2
_partial_fit;1427;0;0;0;0;1
_predict;1428;0;0;0;0;12
__init__;1429;0;0;0;0;2
_validate_input;1430;1;0;0;0;10
predict;1431;0;0;0;0;4
partial_fit;1432;1;0;0;0;2
_partial_fit;1433;0;0;0;0;7
predict_log_proba;1434;0;0;0;0;2
predict_proba;1435;0;0;0;0;5
__init__;1436;0;0;0;0;2
predict;1437;0;0;0;0;4
_validate_input;1438;0;0;0;0;3
compute_class_weight;1439;4;0;0;0;22
compute_sample_weight;1440;4;0;0;0;29
_aligned_zeros;1441;0;0;0;0;12
__init__;1442;0;0;0;0;2
__init__;1443;0;0;0;0;3
__init__;1444;3;0;0;0;30
_raise_no_convergence;1445;1;0;1;1;9
__init__;1446;18;0;0;0;55
iterate;1447;2;0;0;0;20
extract;1448;1;0;0;0;11
__init__;1449;13;0;0;0;42
iterate;1450;2;0;0;0;17
extract;1451;2;0;0;0;49
_aslinearoperator_with_dtype;1452;0;0;0;0;5
__init__;1453;0;0;0;0;4
_matvec;1454;0;0;0;0;4
__init__;1455;0;0;0;0;3
_matvec;1456;0;0;0;0;1
__init__;1457;0;0;0;0;9
_matvec;1458;1;0;0;0;3
__init__;1459;0;0;0;0;14
_matvec;1460;1;0;0;0;3
dtype;1461;0;0;0;0;1
get_inv_matvec;1462;0;0;0;0;7
get_OPinv_matvec;1463;0;0;0;0;26
_eigs;1464;10;0;0;0;39
_eigsh;1465;9;0;0;0;51
_augmented_orthonormal_cols;1466;0;0;0;0;13
_augmented_orthonormal_rows;1467;0;0;0;0;1
_herm;1468;0;0;0;0;1
_svds;1469;1;0;0;0;51
configuration;1470;0;0;0;0;20
linear_assignment;1471;0;0;0;0;5
__init__;1472;0;0;0;0;12
_find_prime_in_row;1473;0;0;0;0;3
_clear_covers;1474;0;0;0;0;2
_hungarian;1475;0;0;0;0;6
_step1;1476;0;0;0;0;7
_step3;1477;0;0;0;0;4
_step4;1478;0;0;0;0;17
_step5;1479;0;0;0;0;19
_step6;1480;0;0;0;0;7
safe_mask;1481;0;0;0;0;7
axis0_safe_slice;1482;0;0;0;0;2
safe_indexing;1483;0;0;1;1;10
resample;1484;2;0;0;0;20
shuffle;1485;0;0;0;0;2
safe_sqr;1486;0;0;0;0;7
gen_batches;1487;0;0;0;0;6
gen_even_slices;1488;1;0;0;0;9
_get_n_jobs;1489;1;0;0;0;3
tosequence;1490;0;0;0;0;5
indices_to_mask;1491;1;0;0;0;5
assert_in;1492;0;0;0;0;1
assert_not_in;1493;0;0;0;0;1
assert_raises_regex;1494;1;1;1;1;7
_assert_less;1495;0;0;0;0;3
_assert_greater;1496;0;0;0;0;3
assert_less_equal;1497;0;0;0;0;3
assert_greater_equal;1498;0;0;0;0;3
assert_warns;1499;2;0;0;0;11
assert_warns_message;1500;3;0;0;0;22
assert_no_warnings;1501;1;0;0;0;9
ignore_warnings;1502;0;0;0;0;3
__init__;1503;0;0;0;0;5
__call__;1504;0;0;0;0;6
__repr__;1505;0;0;0;0;5
__enter__;1506;1;0;0;0;7
__exit__;1507;1;0;0;0;5
_assert_allclose;1508;1;0;0;0;5
assert_raise_message;1509;1;1;1;1;7
fake_mldata;1510;0;0;0;0;7
__init__;1511;0;0;0;0;1
__call__;1512;1;0;0;0;11
install_mldata_mock;1513;0;0;0;0;1
uninstall_mldata_mock;1514;0;0;0;0;1
all_estimators;1515;1;0;0;0;28
set_random_state;1516;0;0;0;0;4
if_matplotlib;1517;0;1;1;1;6
skip_if_32bit;1518;1;0;0;0;5
if_not_mac_os;1519;1;0;0;0;7
if_safe_multiprocessing_with_blas;1520;1;0;0;0;4
clean_warning_registry;1521;0;0;0;0;5
check_skip_network;1522;1;0;0;0;2
check_skip_travis;1523;1;0;0;0;2
_delete_folder;1524;0;0;1;1;3
__init__;1525;0;0;0;0;3
__enter__;1526;0;0;0;0;5
__exit__;1527;0;0;0;0;1
__init__;1528;0;0;0;0;2
__call__;1529;0;0;0;0;1
_assert_all_finite;1530;1;0;0;0;4
assert_all_finite;1531;0;0;0;0;1
as_float_array;1532;0;0;0;0;8
_is_arraylike;1533;0;0;0;0;1
_num_samples;1534;3;0;0;0;12
_shape_repr;1535;0;0;0;0;6
check_consistent_length;1536;1;0;0;0;4
indexable;1537;0;0;0;0;10
_ensure_sparse_format;1538;1;0;0;0;12
check_array;1539;4;0;0;0;34
check_X_y;1540;0;0;0;0;7
column_or_1d;1541;1;0;0;0;7
check_random_state;1542;1;0;0;0;6
has_fit_parameter;1543;0;0;0;0;1
check_symmetric;1544;2;0;0;0;13
check_is_fitted;1545;2;0;0;0;7
check_non_negative;1546;1;0;0;0;3
total_seconds;1547;0;0;0;0;2
_unique_multiclass;1548;0;0;0;0;3
_unique_indicator;1549;0;0;0;0;1
unique_labels;1550;5;0;0;0;15
_is_integral_float;1551;0;0;0;0;1
is_multilabel;1552;0;0;0;0;10
check_classification_targets;1553;1;0;0;0;2
type_of_target;1554;2;0;2;2;23
_check_partial_fit_first_call;1555;2;0;0;0;8
class_distribution;1556;0;0;0;0;28
_ovr_decision_function;1557;0;0;0;0;18
single_source_shortest_path_length;1558;0;0;0;0;12
graph_laplacian;1559;1;0;0;0;7
_laplacian_sparse;1560;0;0;0;0;23
_laplacian_dense;1561;0;0;0;0;13
_yield_non_meta_checks;1562;0;0;0;0;1
_yield_classifier_checks;1563;0;0;0;0;1
check_supervised_y_no_nan;1564;1;1;1;1;10
_yield_regressor_checks;1565;0;0;0;0;0
_yield_transformer_checks;1566;0;0;0;0;0
_yield_clustering_checks;1567;0;0;0;0;0
_yield_all_checks;1568;0;0;0;0;9
check_estimator;1569;0;0;0;0;4
_boston_subset;1570;0;0;0;0;7
set_testing_parameters;1571;0;0;0;0;21
__init__;1572;0;0;0;0;1
__array__;1573;0;0;0;0;1
_is_32bit;1574;0;0;0;0;1
check_estimator_sparse_data;1575;0;2;1;2;23
check_dtype_object;1576;0;1;1;1;18
check_fit2d_predict1d;1577;0;0;1;1;15
check_fit2d_1sample;1578;0;0;1;1;13
check_fit2d_1feature;1579;0;0;1;1;13
check_fit1d_1feature;1580;0;0;1;1;13
check_fit1d_1sample;1581;0;0;1;1;13
check_transformer_general;1582;0;0;0;0;6
check_transformer_data_not_an_array;1583;0;0;0;0;7
check_transformers_unfitted;1584;0;0;0;0;4
_check_transformer;1585;1;0;0;0;32
check_pipeline_consistency;1586;1;0;0;0;19
check_fit_score_takes_y;1587;0;0;0;0;13
check_estimators_dtypes;1588;0;0;0;0;15
check_estimators_empty_data_messages;1589;0;0;0;0;10
check_estimators_nan_inf;1590;3;4;3;6;47
check_estimators_pickle;1591;0;0;0;0;18
check_estimators_partial_fit_n_features;1592;0;0;1;1;15
check_clustering;1593;0;0;0;0;22
check_clusterer_compute_labels_predict;1594;0;0;0;0;9
check_classifiers_one_label;1595;0;3;2;3;21
check_classifiers_train;1596;0;0;1;1;38
check_estimators_fit_returns_self;1597;0;0;0;0;8
check_estimators_unfitted;1598;0;0;0;0;11
check_supervised_y_2d;1599;0;0;0;0;20
check_classifiers_classes;1600;0;0;0;0;19
check_regressors_int;1601;0;0;0;0;21
check_regressors_train;1602;0;0;0;0;22
check_regressors_no_decision_function;1603;0;0;0;0;12
check_class_weight_classifiers;1604;2;0;0;0;18
check_class_weight_balanced_classifiers;1605;0;0;0;0;11
check_class_weight_balanced_linear_classifier;1606;0;0;0;0;15
check_estimators_overwrite_params;1607;0;0;0;0;14
check_sparsify_coefficients;1608;0;0;0;0;13
check_classifier_data_not_an_array;1609;0;0;0;0;4
check_regressor_data_not_an_array;1610;0;0;0;0;3
check_estimators_data_not_an_array;1611;1;0;0;0;15
check_parameters_default_constructible;1612;0;0;1;1;21
multioutput_estimator_convert_y_2d;1613;0;0;0;0;2
check_non_transformer_estimators_n_iter;1614;0;0;0;0;8
check_transformer_n_iter;1615;0;0;0;0;9
check_get_params_invariance;1616;0;0;0;0;9
check_classifiers_regression_target;1617;0;0;0;0;5
__init__;1618;0;0;0;0;1
__call__;1619;0;0;0;0;3
_decorate_class;1620;0;0;0;0;10
_decorate_fun;1621;0;0;0;0;8
_update_doc;1622;0;0;0;0;4
_sym_ortho;1623;0;0;0;0;13
lsqr;1624;0;0;0;0;146
_raise_typeerror;1625;1;0;0;0;3
_raise_error_wrong_axis;1626;1;0;0;0;1
inplace_csr_column_scale;1627;0;0;0;0;2
inplace_csr_row_scale;1628;0;0;0;0;2
mean_variance_axis;1629;0;0;0;0;8
incr_mean_variance_axis;1630;0;0;0;0;8
inplace_column_scale;1631;0;0;0;0;5
inplace_row_scale;1632;0;0;0;0;5
inplace_swap_row_csc;1633;1;0;0;0;7
inplace_swap_row_csr;1634;1;0;0;0;17
inplace_swap_row;1635;0;0;0;0;5
inplace_swap_column;1636;0;0;0;0;7
min_max_axis;1637;0;0;0;0;4
count_nonzero;1638;2;0;0;0;12
_get_median;1639;0;0;0;0;7
_get_elem_at_rank;1640;0;0;0;0;3
csc_median_axis_0;1641;1;0;0;0;10
choice;1642;9;1;1;1;51
random_choice_csc;1643;3;0;0;0;27
norm;1644;0;0;0;0;3
squared_norm;1645;0;0;0;0;2
row_norms;1646;0;0;0;0;7
fast_logdet;1647;0;0;0;0;3
_impose_f_order;1648;0;0;0;0;2
_fast_dot;1649;3;0;0;0;11
_have_blas_gemm;1650;0;0;1;1;4
fast_dot;1651;0;0;1;1;2
density;1652;0;0;0;0;4
safe_sparse_dot;1653;0;0;0;0;7
randomized_range_finder;1654;0;0;0;0;13
randomized_svd;1655;0;0;0;0;15
logsumexp;1656;0;0;0;0;5
weighted_mode;1657;0;0;0;0;20
pinvh;1658;0;0;0;0;10
cartesian;1659;0;0;0;0;9
svd_flip;1660;0;0;0;0;9
log_logistic;1661;0;0;0;0;8
softmax;1662;0;0;0;0;7
safe_min;1663;0;0;0;0;6
make_nonnegative;1664;1;0;0;0;5
_incremental_mean_and_var;1665;0;0;0;0;13
_deterministic_vector_sign_flip;1666;0;0;0;0;4
stable_cumsum;1667;1;0;0;0;5
_parse_version;1668;0;0;1;1;5
expit;1669;0;0;0;0;7
safe_copy;1670;0;0;0;0;1
divide;1671;0;0;0;0;9
astype;1672;0;0;0;0;2
_minor_reduce;1673;0;0;0;0;4
_min_or_max_axis;1674;1;0;0;0;14
_sparse_min_or_max;1675;2;0;0;0;10
sparse_min_max;1676;0;0;0;0;1
sparse_min_max;1677;0;0;0;0;1
argpartition;1678;0;0;0;0;1
partition;1679;0;0;0;0;1
combinations_with_replacement;1680;0;0;0;0;9
frombuffer_empty;1681;0;0;0;0;3
in1d;1682;0;0;0;0;20
__init__;1683;0;0;0;0;4
__call__;1684;0;0;0;0;4
parallel_helper;1685;0;0;0;0;1
bincount;1686;0;0;0;0;5
makedirs;1687;0;1;1;1;3
array_equal;1688;0;0;1;1;4
rankdata;1689;1;0;0;0;15
__init__;1690;0;0;0;0;4
__get__;1691;0;0;1;1;6
if_delegate_has_method;1692;0;0;0;0;5
_safe_split;1693;3;0;0;0;16
_rankdata;1694;1;0;0;0;6
_weighted_percentile;1695;0;0;0;0;4
__init__;1696;0;0;0;0;1
__getitem__;1697;0;0;0;0;1
__init__;1698;0;0;0;0;5
__len__;1699;0;0;0;0;1
__array__;1700;0;0;0;0;1
__eq__;1701;0;0;0;0;1
__init__;1702;0;0;0;0;3
fit;1703;0;0;0;0;5
predict;1704;0;0;0;0;2
score;1705;0;0;0;0;3
_line_search_wolfe12;1706;1;0;0;0;4
_cg;1707;0;0;0;0;19
newton_cg;1708;0;0;1;1;19
validate_graph;1709;3;0;0;0;19
configuration;1710;0;0;0;0;5
configuration;1711;0;0;0;0;4
_parallel_fit_estimator;1712;0;0;0;0;3
__init__;1713;0;0;0;0;5
fit;1714;5;0;0;0;18
predict;1715;0;0;0;0;6
_collect_probas;1716;0;0;0;0;1
_predict_proba;1717;1;0;0;0;4
predict_proba;1718;0;0;0;0;1
transform;1719;0;0;0;0;3
get_params;1720;0;0;0;0;7
_predict;1721;0;0;0;0;1
_set_random_states;1722;0;0;0;0;6
__init__;1723;0;0;0;0;5
_validate_estimator;1724;2;0;0;0;4
_make_estimator;1725;0;0;0;0;5
__len__;1726;0;0;0;0;1
__getitem__;1727;0;0;0;0;1
__iter__;1728;0;0;0;0;1
_partition_estimators;1729;0;0;0;0;5
_generate_indices;1730;0;0;0;0;3
_generate_bagging_indices;1731;0;0;0;0;4
_parallel_build_estimators;1732;1;0;0;0;25
_parallel_predict_proba;1733;0;0;0;0;12
_parallel_predict_log_proba;1734;0;0;0;0;12
_parallel_decision_function;1735;0;0;0;0;1
_parallel_predict_regression;1736;0;0;0;0;1
__init__;1737;0;0;0;0;10
fit;1738;0;0;0;0;1
_fit;1739;5;0;0;0;39
_set_oob_score;1740;0;0;0;0;0
_validate_y;1741;0;0;0;0;1
_get_estimators_indices;1742;0;0;0;0;2
estimators_samples_;1743;0;0;0;0;5
__init__;1744;0;0;0;0;1
_validate_estimator;1745;0;0;0;0;1
_set_oob_score;1746;0;0;0;0;19
_validate_y;1747;0;0;0;0;5
predict;1748;0;0;0;0;2
predict_proba;1749;1;0;0;0;7
predict_log_proba;1750;1;0;0;0;12
decision_function;1751;1;0;0;0;8
__init__;1752;0;0;0;0;1
predict;1753;0;0;0;0;6
_validate_estimator;1754;0;0;0;0;1
_set_oob_score;1755;0;0;0;0;13
__init__;1756;0;0;0;0;2
_set_oob_score;1757;1;0;0;0;1
fit;1758;2;0;0;0;20
predict;1759;0;0;0;0;4
decision_function;1760;0;0;0;0;12
_average_path_length;1761;0;0;0;0;11
_generate_sample_indices;1762;0;0;0;0;3
_generate_unsampled_indices;1763;0;0;0;0;6
_parallel_build_trees;1764;0;0;0;0;14
__init__;1765;0;0;0;0;9
apply;1766;0;0;0;0;3
decision_path;1767;0;0;0;0;6
fit;1768;2;0;0;0;34
_set_oob_score;1769;0;0;0;0;0
_validate_y_class_weight;1770;0;0;0;0;1
_validate_X_predict;1771;1;0;0;0;3
feature_importances_;1772;1;0;0;0;4
__init__;1773;0;0;0;0;2
_set_oob_score;1774;0;0;0;0;22
_validate_y_class_weight;1775;1;0;0;0;24
predict;1776;0;0;0;0;7
predict_proba;1777;0;0;0;0;13
predict_log_proba;1778;0;0;0;0;5
__init__;1779;0;0;0;0;2
predict;1780;0;0;0;0;5
_set_oob_score;1781;0;0;0;0;19
__init__;1782;0;0;0;0;9
__init__;1783;0;0;0;0;9
__init__;1784;0;0;0;0;9
__init__;1785;0;0;0;0;9
__init__;1786;0;0;0;0;10
_set_oob_score;1787;1;0;0;0;1
fit;1788;0;0;0;0;2
fit_transform;1789;0;0;0;0;8
transform;1790;0;0;0;0;1
_grid_from_X;1791;2;0;0;0;12
partial_dependence;1792;5;0;0;0;23
plot_partial_dependence;1793;6;3;3;3;82
__init__;1794;1;0;0;0;2
fit;1795;0;0;0;0;2
predict;1796;0;0;0;0;4
fit;1797;0;0;0;0;2
predict;1798;0;0;0;0;4
fit;1799;1;0;0;0;6
predict;1800;0;0;0;0;4
fit;1801;0;0;0;0;3
predict;1802;0;0;0;0;4
fit;1803;0;0;0;0;4
predict;1804;0;0;0;0;4
__init__;1805;0;0;0;0;1
init_estimator;1806;1;0;0;0;1
__call__;1807;0;0;0;0;0
negative_gradient;1808;0;0;0;0;0
update_terminal_regions;1809;0;0;0;0;6
_update_terminal_region;1810;0;0;0;0;0
__init__;1811;1;0;0;0;2
init_estimator;1812;0;0;0;0;1
__call__;1813;0;0;0;0;2
negative_gradient;1814;0;0;0;0;1
update_terminal_regions;1815;0;0;0;0;1
_update_terminal_region;1816;0;0;0;0;1
init_estimator;1817;0;0;0;0;1
__call__;1818;0;0;0;0;2
negative_gradient;1819;0;0;0;0;2
_update_terminal_region;1820;0;0;0;0;4
__init__;1821;0;0;0;0;3
init_estimator;1822;0;0;0;0;1
__call__;1823;0;0;0;0;13
negative_gradient;1824;0;0;0;0;10
_update_terminal_region;1825;0;0;0;0;7
__init__;1826;0;0;0;0;4
init_estimator;1827;0;0;0;0;1
__call__;1828;0;0;0;0;7
negative_gradient;1829;0;0;0;0;4
_update_terminal_region;1830;0;0;0;0;5
_score_to_proba;1831;1;0;0;0;1
_score_to_decision;1832;0;0;0;0;0
__init__;1833;1;0;0;0;2
init_estimator;1834;0;0;0;0;1
__call__;1835;0;0;0;0;3
negative_gradient;1836;0;0;0;0;1
_update_terminal_region;1837;0;0;0;0;8
_score_to_proba;1838;0;0;0;0;4
_score_to_decision;1839;0;0;0;0;2
__init__;1840;1;0;0;0;2
init_estimator;1841;0;0;0;0;1
__call__;1842;0;0;0;0;5
negative_gradient;1843;0;0;0;0;1
_update_terminal_region;1844;0;0;0;0;9
_score_to_proba;1845;0;0;0;0;1
_score_to_decision;1846;0;0;0;0;2
__init__;1847;1;0;0;0;2
init_estimator;1848;0;0;0;0;1
__call__;1849;0;0;0;0;3
negative_gradient;1850;0;0;0;0;2
_update_terminal_region;1851;0;0;0;0;9
_score_to_proba;1852;0;0;0;0;4
_score_to_decision;1853;0;0;0;0;1
__init__;1854;0;0;0;0;1
init;1855;0;0;0;0;11
update;1856;0;0;0;0;8
__init__;1857;0;0;0;0;19
_fit_stage;1858;0;0;0;0;14
_check_params;1859;9;0;0;0;26
_init_state;1860;0;0;0;0;7
_clear_state;1861;0;0;0;0;8
_resize_state;1862;1;0;0;0;8
_is_initialized;1863;0;0;0;0;1
_check_initialized;1864;1;0;0;0;2
fit;1865;2;0;0;0;32
_fit_stages;1866;0;0;0;0;22
_make_estimator;1867;1;0;0;0;1
_init_decision_function;1868;1;0;0;0;5
_decision_function;1869;0;0;0;0;3
decision_function;1870;0;0;0;0;6
_staged_decision_function;1871;0;0;0;0;5
staged_decision_function;1872;0;0;0;0;2
feature_importances_;1873;0;0;0;0;6
_validate_y;1874;0;0;0;0;3
apply;1875;0;0;0;0;9
__init__;1876;0;0;0;0;1
_validate_y;1877;0;0;0;0;4
decision_function;1878;0;0;0;0;4
staged_decision_function;1879;0;0;0;0;1
predict;1880;0;0;0;0;3
staged_predict;1881;0;0;0;0;3
predict_proba;1882;0;2;1;2;4
predict_log_proba;1883;0;0;0;0;2
staged_predict_proba;1884;0;2;1;2;4
__init__;1885;0;0;0;0;1
predict;1886;0;0;0;0;2
staged_predict;1887;0;0;0;0;2
apply;1888;0;0;0;0;3
__init__;1889;0;0;0;0;4
fit;1890;2;0;0;0;24
_boost;1891;0;0;0;0;1
staged_score;1892;0;0;0;0;4
feature_importances_;1893;1;1;1;1;5
_validate_X_predict;1894;0;0;0;0;4
_samme_proba;1895;0;0;0;0;4
__init__;1896;0;0;0;0;2
fit;1897;1;0;0;0;2
_validate_estimator;1898;2;0;0;0;5
_boost;1899;0;0;0;0;2
_boost_real;1900;0;0;0;0;18
_boost_discrete;1901;1;0;0;0;16
predict;1902;0;0;0;0;3
staged_predict;1903;0;0;0;0;6
decision_function;1904;0;0;0;0;11
staged_decision_function;1905;0;0;0;0;16
predict_proba;1906;0;0;0;0;11
staged_predict_proba;1907;0;0;0;0;14
predict_log_proba;1908;0;0;0;0;1
__init__;1909;0;0;0;0;3
fit;1910;1;0;0;0;2
_validate_estimator;1911;0;0;0;0;1
_boost;1912;0;0;0;0;22
_get_median_predict;1913;0;0;0;0;7
predict;1914;0;0;0;0;3
staged_predict;1915;0;0;0;0;4
shrunk_covariance;1916;0;0;0;0;6
__init__;1917;0;0;0;0;2
fit;1918;0;0;0;0;7
ledoit_wolf_shrinkage;1919;0;0;0;0;35
ledoit_wolf;1920;0;0;0;0;15
__init__;1921;0;0;0;0;2
fit;1922;0;0;0;0;7
oas;1923;0;0;0;0;18
fit;1924;0;0;0;0;7
c_step;1925;0;0;0;0;3
_c_step;1926;1;0;0;0;40
select_candidates;1927;1;0;0;0;22
fast_mcd;1928;0;0;1;1;69
__init__;1929;0;0;0;0;4
fit;1930;0;0;0;0;19
correct_covariance;1931;0;0;0;0;4
reweight_covariance;1932;0;0;0;0;13
__init__;1933;0;0;0;0;1
decision_function;1934;0;0;0;0;7
predict;1935;1;0;0;0;6
__init__;1936;0;0;0;0;2
fit;1937;0;0;0;0;3
_objective;1938;0;0;0;0;4
_dual_gap;1939;0;0;0;0;4
alpha_max;1940;0;0;0;0;3
graph_lasso;1941;1;1;1;1;49
__init__;1942;0;0;0;0;8
fit;1943;0;0;0;0;6
graph_lasso_path;1944;0;0;1;1;23
__init__;1945;0;0;0;0;11
fit;1946;0;0;0;0;60
log_likelihood;1947;0;0;0;0;5
empirical_covariance;1948;0;0;0;0;7
__init__;1949;0;0;0;0;2
_set_covariance;1950;0;0;0;0;4
get_precision;1951;0;0;0;0;3
fit;1952;0;0;0;0;6
score;1953;0;0;0;0;3
error_norm;1954;1;0;0;0;8
mahalanobis;1955;0;0;0;0;4
configuration;1956;0;0;0;0;9
_color_brew;1957;0;0;0;0;12
__repr__;1958;0;0;0;0;1
export_graphviz;1959;1;0;0;0;115
__init__;1960;0;0;0;0;18
fit;1961;15;0;0;0;95
_validate_X_predict;1962;3;0;0;0;7
predict;1963;0;0;0;0;11
apply;1964;0;0;0;0;2
decision_path;1965;0;0;0;0;2
feature_importances_;1966;1;0;0;0;2
__init__;1967;0;0;0;0;1
predict_proba;1968;0;0;0;0;15
predict_log_proba;1969;0;0;0;0;5
__init__;1970;0;0;0;0;1
__init__;1971;0;0;0;0;1
__init__;1972;0;0;0;0;1
_get_mask;1973;0;0;0;0;3
_most_frequent;1974;0;0;0;0;10
__init__;1975;0;0;0;0;5
fit;1976;2;0;0;0;8
_sparse_fit;1977;0;0;0;0;30
_dense_fit;1978;0;0;0;0;21
transform;1979;2;0;0;0;31
_handle_zeros_in_scale;1980;0;0;0;0;7
scale;1981;2;0;0;0;23
__init__;1982;0;0;0;0;2
data_range;1983;0;0;0;0;2
data_min;1984;0;0;0;0;2
_reset;1985;0;0;0;0;7
fit;1986;0;0;0;0;2
partial_fit;1987;2;0;0;0;20
transform;1988;0;0;0;0;6
inverse_transform;1989;0;0;0;0;6
minmax_scale;1990;0;0;0;0;8
__init__;1991;0;0;0;0;3
std_;1992;0;0;0;0;2
_reset;1993;0;0;0;0;5
fit;1994;0;0;0;0;2
partial_fit;1995;1;0;0;0;19
transform;1996;1;0;0;0;10
inverse_transform;1997;1;0;0;0;14
__init__;1998;0;0;0;0;1
_reset;1999;0;0;0;0;4
fit;2000;0;0;0;0;2
partial_fit;2001;0;0;0;0;13
transform;2002;0;0;0;0;7
inverse_transform;2003;0;0;0;0;7
maxabs_scale;2004;0;0;0;0;8
__init__;2005;0;0;0;0;4
_check_array;2006;1;0;0;0;5
fit;2007;2;0;0;0;11
transform;2008;0;0;0;0;9
inverse_transform;2009;0;0;0;0;9
robust_scale;2010;0;0;0;0;3
__init__;2011;0;0;0;0;3
_combinations;2012;0;0;0;0;3
powers_;2013;0;0;0;0;3
get_feature_names;2014;0;0;0;0;9
fit;2015;0;0;0;0;5
transform;2016;1;0;0;0;9
normalize;2017;2;0;0;0;21
__init__;2018;0;0;0;0;2
fit;2019;0;0;0;0;2
transform;2020;0;0;0;0;3
binarize;2021;1;0;0;0;13
__init__;2022;0;0;0;0;2
fit;2023;0;0;0;0;2
transform;2024;0;0;0;0;2
fit;2025;0;0;0;0;5
transform;2026;0;0;0;0;7
_pairwise;2027;0;0;0;0;1
add_dummy_feature;2028;0;0;0;0;19
_transform_selected;2029;0;0;0;0;19
__init__;2030;0;0;0;0;5
fit;2031;0;0;0;0;2
_fit_transform;2032;3;1;1;1;28
fit_transform;2033;0;0;0;0;1
_transform;2034;4;0;0;0;17
transform;2035;0;0;0;0;1
_check_numpy_unicode_bug;2036;1;0;0;0;1
fit;2037;0;0;0;0;4
fit_transform;2038;0;0;0;0;4
transform;2039;1;0;0;0;9
inverse_transform;2040;1;0;0;0;5
__init__;2041;2;0;0;0;5
fit;2042;2;0;0;0;7
transform;2043;1;0;0;0;5
inverse_transform;2044;0;0;0;0;8
label_binarize;2045;7;0;0;0;46
_inverse_binarize_multiclass;2046;0;0;0;0;19
_inverse_binarize_thresholding;2047;3;0;0;0;18
__init__;2048;0;0;0;0;2
fit;2049;0;0;0;0;6
fit_transform;2050;0;0;0;0;12
transform;2051;0;0;0;0;5
_transform;2052;0;0;0;0;6
inverse_transform;2053;3;0;0;0;13
_identity;2054;0;0;0;0;1
__init__;2055;0;0;0;0;7
fit;2056;0;0;0;0;2
transform;2057;0;0;0;0;1
inverse_transform;2058;0;0;0;0;1
_transform;2059;0;0;0;0;3
configuration;2060;0;0;0;0;3
raise_build_error;2061;1;0;0;0;8
__init__;2062;2;0;0;0;12
_choose_algorithm;2063;3;0;0;0;6
fit;2064;0;0;0;0;6
score_samples;2065;0;0;0;0;6
score;2066;0;0;0;0;1
sample;2067;1;0;0;0;10
configuration;2068;0;0;0;0;9
_check_weights;2069;1;0;0;0;4
_get_weights;2070;1;0;0;0;15
__init__;2071;0;0;0;0;1
_init_params;2072;4;0;0;0;22
_fit;2073;5;0;0;0;47
_pairwise;2074;0;0;0;0;1
kneighbors;2075;4;0;0;0;37
kneighbors_graph;2076;1;0;0;0;14
radius_neighbors;2077;3;0;0;0;33
radius_neighbors_graph;2078;1;0;0;0;14
fit;2079;0;0;0;0;4
fit;2080;0;0;0;0;15
fit;2081;0;0;0;0;1
__init__;2082;0;0;0;0;2
predict;2083;0;0;0;0;13
__init__;2084;0;0;0;0;2
predict;2085;0;0;0;0;9
_find_matching_indices;2086;0;0;0;0;3
_find_longest_prefix_match;2087;0;0;0;0;18
_to_hash;2088;1;0;0;0;3
fit_transform;2089;0;0;0;0;2
transform;2090;0;0;0;0;1
__init__;2091;0;0;0;0;1
_array_of_arrays;2092;0;0;0;0;3
__init__;2093;0;0;0;0;7
_compute_distances;2094;0;0;0;0;8
_generate_masks;2095;0;0;0;0;5
_get_candidates;2096;0;0;0;0;19
_get_radius_neighbors;2097;0;0;0;0;21
fit;2098;0;0;0;0;16
_query;2099;0;0;0;0;4
kneighbors;2100;1;0;0;0;12
radius_neighbors;2101;1;0;0;0;12
partial_fit;2102;1;0;0;0;16
_check_params;2103;1;0;0;0;3
_query_include_self;2104;0;0;0;0;3
kneighbors_graph;2105;0;0;0;0;5
radius_neighbors_graph;2106;0;0;0;0;5
__init__;2107;0;0;0;0;2
fit;2108;2;0;0;0;37
predict;2109;0;0;0;0;3
__init__;2110;0;0;0;0;1
__init__;2111;0;0;0;0;2
predict;2112;0;0;0;0;17
predict_proba;2113;0;0;0;0;22
__init__;2114;0;0;0;0;3
predict;2115;1;0;0;0;23
_compute_mi_cc;2116;0;0;0;0;17
_compute_mi_cd;2117;0;0;0;0;28
_compute_mi;2118;0;0;0;0;4
_iterate_columns;2119;0;0;0;0;5
_estimate_mi;2120;1;0;0;0;25
mutual_info_regression;2121;0;0;0;0;1
mutual_info_classif;2122;0;0;0;0;2
get_support;2123;0;0;0;0;2
_get_support_mask;2124;0;0;0;0;0
transform;2125;1;0;0;0;8
inverse_transform;2126;1;0;0;0;15
_clean_nans;2127;0;0;0;0;3
f_oneway;2128;0;0;0;0;25
f_classif;2129;0;0;0;0;3
_chisquare;2130;0;0;0;0;9
chi2;2131;1;0;0;0;10
f_regression;2132;1;0;0;0;13
__init__;2133;0;0;0;0;1
fit;2134;1;0;0;0;12
_check_params;2135;0;0;0;0;1
__init__;2136;0;0;0;0;2
_check_params;2137;1;0;0;0;1
_get_support_mask;2138;0;0;0;0;12
__init__;2139;0;0;0;0;2
_check_params;2140;1;0;0;0;1
_get_support_mask;2141;0;0;0;0;7
__init__;2142;0;0;0;0;2
_get_support_mask;2143;0;0;0;0;2
__init__;2144;0;0;0;0;2
_get_support_mask;2145;0;0;0;0;6
__init__;2146;0;0;0;0;2
_get_support_mask;2147;0;0;0;0;2
__init__;2148;0;0;0;0;3
_make_selector;2149;0;0;0;0;5
_check_params;2150;1;0;0;0;2
_get_support_mask;2151;0;0;0;0;5
_get_feature_importances;2152;1;0;0;0;7
_calculate_threshold;2153;2;0;0;0;17
transform;2154;2;1;1;1;14
__init__;2155;0;0;0;0;3
_get_support_mask;2156;1;0;0;0;7
fit;2157;1;0;0;0;5
partial_fit;2158;1;0;0;0;5
_rfe_single_fit;2159;0;0;0;0;3
__init__;2160;0;0;0;0;4
_estimator_type;2161;0;0;0;0;1
fit;2162;0;0;0;0;1
_fit;2163;2;0;0;0;35
predict;2164;0;0;0;0;2
score;2165;0;0;0;0;2
_get_support_mask;2166;0;0;0;0;1
decision_function;2167;0;0;0;0;2
predict_proba;2168;0;0;0;0;2
predict_log_proba;2169;0;0;0;0;2
__init__;2170;0;0;0;0;6
fit;2171;0;0;0;0;20
__init__;2172;0;0;0;0;1
fit;2173;1;0;0;0;9
_get_support_mask;2174;0;0;0;0;2
_not_converged;2175;0;0;0;0;1
__init__;2176;0;0;0;0;7
_get_kernel;2177;1;0;0;0;6
_build_graph;2178;1;0;0;0;1
predict;2179;0;0;0;0;2
predict_proba;2180;0;0;0;0;12
fit;2181;0;0;0;0;32
_build_graph;2182;0;0;0;0;7
__init__;2183;0;0;0;0;1
_build_graph;2184;0;0;0;0;10
configuration;2185;0;0;0;0;3
__init__;2186;1;0;1;1;6
__setitem__;2187;0;0;0;0;4
__delitem__;2188;0;0;0;0;4
__iter__;2189;0;0;0;0;3
__reversed__;2190;0;0;0;0;3
clear;2191;0;0;1;1;7
popitem;2192;1;0;0;0;14
keys;2193;0;0;0;0;1
values;2194;0;0;0;0;1
items;2195;0;0;0;0;1
iterkeys;2196;0;0;0;0;1
itervalues;2197;0;0;0;0;0
iteritems;2198;0;0;0;0;0
update;2199;2;0;0;0;15
pop;2200;1;0;0;0;5
setdefault;2201;0;0;0;0;3
__repr__;2202;0;0;0;0;6
__reduce__;2203;0;0;0;0;6
copy;2204;0;0;0;0;1
fromkeys;2205;0;0;0;0;3
__eq__;2206;0;0;0;0;3
__ne__;2207;0;0;0;0;1
viewkeys;2208;0;0;0;0;1
viewvalues;2209;0;0;0;0;1
viewitems;2210;0;0;0;0;1
formatannotation;2211;0;0;0;0;4
_get_user_defined_method;2212;0;0;1;1;6
signature;2213;3;1;3;3;45
__new__;2214;0;0;0;0;3
__str__;2215;0;0;0;0;1
__repr__;2216;0;0;0;0;1
__init__;2217;4;0;0;0;14
name;2218;0;0;0;0;1
default;2219;0;0;0;0;1
annotation;2220;0;0;0;0;1
kind;2221;0;0;0;0;1
replace;2222;0;0;0;0;6
__str__;2223;0;0;0;0;9
__repr__;2224;0;0;0;0;1
__hash__;2225;1;0;0;0;2
__eq__;2226;0;0;0;0;1
__ne__;2227;0;0;0;0;1
__init__;2228;0;0;0;0;2
signature;2229;0;0;0;0;1
args;2230;0;0;1;1;6
kwargs;2231;0;0;1;1;10
__hash__;2232;1;0;0;0;2
__eq__;2233;0;0;0;0;1
__ne__;2234;0;0;0;0;1
__init__;2235;2;0;0;0;18
from_function;2236;1;0;0;0;34
parameters;2237;0;0;1;1;2
return_annotation;2238;0;0;0;0;1
replace;2239;0;0;0;0;3
__hash__;2240;1;0;0;0;2
__eq__;2241;0;0;2;2;13
__ne__;2242;0;0;0;0;1
_bind;2243;6;2;4;4;36
bind;2244;0;0;0;0;1
bind_partial;2245;0;0;0;0;1
__str__;2246;0;0;0;0;13
__len__;2247;0;0;0;0;1
_add_doc;2248;0;0;0;0;1
_import_module;2249;0;0;0;0;2
__init__;2250;0;0;0;0;1
__get__;2251;0;0;0;0;4
__init__;2252;0;0;0;0;4
_resolve;2253;0;0;0;0;1
__init__;2254;0;0;0;0;9
_resolve;2255;0;0;0;0;2
add_move;2256;0;0;0;0;1
remove_move;2257;0;1;2;2;3
advance_iterator;2258;0;0;0;0;1
callable;2259;0;0;0;0;1
get_unbound_function;2260;0;0;0;0;1
get_unbound_function;2261;0;0;0;0;1
create_bound_method;2262;0;0;0;0;1
next;2263;0;0;0;0;1
iterkeys;2264;0;0;0;0;1
itervalues;2265;0;0;0;0;1
iteritems;2266;0;0;0;0;1
iterlists;2267;0;0;0;0;1
b;2268;0;0;0;0;1
u;2269;0;0;0;0;1
int2byte;2270;0;0;0;0;1
b;2271;0;0;0;0;1
u;2272;0;0;0;0;1
byte2int;2273;0;0;0;0;1
indexbytes;2274;0;0;0;0;1
iterbytes;2275;0;0;0;0;1
reraise;2276;2;0;0;0;2
exec_;2277;0;0;0;0;5
print_;2278;3;0;0;0;29
with_metaclass;2279;0;0;0;0;1
add_metaclass;2280;0;0;0;0;7
_squeeze_time;2281;0;0;0;0;3
format_time;2282;0;0;0;0;2
short_format_time;2283;0;0;0;0;3
pformat;2284;0;0;0;0;6
__init__;2285;0;0;0;0;1
warn;2286;0;0;0;0;1
debug;2287;0;0;0;0;1
format;2288;0;0;0;0;1
__init__;2289;1;0;3;3;13
__call__;2290;0;0;1;1;8
get_func_code;2291;0;0;1;1;18
_clean_win_chars;2292;0;0;0;0;5
get_func_name;2293;0;0;2;2;31
getfullargspec;2294;0;0;1;1;5
_signature_str;2295;0;0;0;0;3
_function_called_str;2296;0;0;0;0;4
filter_args;2297;4;1;1;1;38
format_signature;2298;0;0;0;0;17
format_call;2299;0;0;0;0;3
get_active_backend;2300;0;0;0;0;4
parallel_backend;2301;0;0;0;0;7
__init__;2302;0;0;0;0;2
__call__;2303;0;0;0;0;1
__len__;2304;0;0;0;0;1
cpu_count;2305;0;0;0;0;2
_verbosity_filter;2306;0;0;0;0;7
delayed;2307;0;0;1;1;4
__init__;2308;0;0;0;0;3
__call__;2309;0;0;0;0;5
register_parallel_backend;2310;0;0;0;0;2
effective_n_jobs;2311;0;0;0;0;2
__init__;2312;1;1;1;1;26
__enter__;2313;0;0;0;0;3
__exit__;2314;0;0;0;0;2
_initialize_backend;2315;0;0;1;1;3
_effective_n_jobs;2316;0;0;0;0;2
_terminate_backend;2317;0;0;0;0;1
_dispatch;2318;0;0;0;0;7
dispatch_next;2319;0;0;0;0;3
dispatch_one_batch;2320;0;0;0;0;7
_print;2321;0;0;0;0;5
print_progress;2322;0;0;0;0;13
retrieve;2323;0;1;1;1;19
__call__;2324;1;0;0;0;29
__repr__;2325;0;0;0;0;1
warnings_to_stdout;2326;0;0;0;0;3
assert_raises_regex;2327;1;1;1;1;7
check_subprocess_call;2328;2;0;0;0;11
__init__;2329;0;0;0;0;5
write_array;2330;0;0;0;0;4
read_array;2331;0;0;0;0;18
read_mmap;2332;0;0;0;0;5
read;2333;0;0;0;0;6
__init__;2334;0;0;1;1;6
_create_array_wrapper;2335;0;0;0;0;4
save;2336;0;0;0;0;9
__init__;2337;0;0;1;1;8
load_build;2338;1;0;0;0;7
dump;2339;5;0;0;0;37
_unpickle;2340;0;2;1;1;9
load;2341;0;0;0;0;12
with_metaclass;2342;0;0;0;0;1
extract_first_line;2343;0;0;0;0;6
_get_func_fullname;2344;0;0;0;0;3
_cache_key_to_dir;2345;0;0;0;0;6
_load_output;2346;1;0;1;1;13
__init__;2347;0;0;1;1;16
get;2348;0;0;0;0;1
clear;2349;0;0;0;0;1
__repr__;2350;0;0;0;0;1
__reduce__;2351;0;0;0;0;1
__init__;2352;0;0;0;0;2
get;2353;1;0;0;0;2
clear;2354;0;0;0;0;2
__repr__;2355;0;0;0;0;2
__getstate__;2356;0;0;0;0;1
__setstate__;2357;0;0;0;0;2
__init__;2358;0;0;0;0;1
__call__;2359;0;0;0;0;1
call_and_shelve;2360;0;0;0;0;1
__reduce__;2361;0;0;0;0;1
__repr__;2362;0;0;0;0;1
clear;2363;0;0;0;0;1
__init__;2364;0;0;1;1;19
_cached_call;2365;0;0;1;1;19
call_and_shelve;2366;0;0;0;0;2
__call__;2367;0;0;0;0;1
__reduce__;2368;0;0;0;0;1
format_signature;2369;0;0;0;0;2
format_call;2370;0;0;0;0;2
_get_argument_hash;2371;0;0;0;0;1
_get_output_dir;2372;0;0;0;0;3
_get_func_dir;2373;0;0;0;0;3
_hash_func;2374;0;0;0;0;2
_write_func_code;2375;0;0;1;1;9
_check_previous_func_code;2376;0;0;2;2;29
clear;2377;0;0;0;0;8
call;2378;0;0;0;0;11
_persist_output;2379;0;0;1;1;4
_persist_input;2380;0;0;1;1;11
load_output;2381;0;0;0;0;2
__repr__;2382;0;0;0;0;1
__init__;2383;0;0;0;0;9
cache;2384;0;0;0;0;7
clear;2385;0;0;0;0;2
eval;2386;0;0;0;0;2
__repr__;2387;0;0;0;0;1
__reduce__;2388;0;0;0;0;2
_get_normal_name;2389;0;0;0;0;6
_detect_encoding;2390;1;1;3;3;28
open_py_source;2391;0;0;0;0;6
disk_used;2392;0;0;0;0;7
memstr_to_bytes;2393;0;1;1;1;5
mkdirp;2394;0;1;1;1;2
rm_subdirs;2395;0;2;2;2;12
safe_repr;2396;0;3;3;6;10
eq_repr;2397;0;0;0;0;1
uniq_stable;2398;0;0;0;0;5
fix_frame_records_filenames;2399;0;0;0;0;6
_fixed_getframes;2400;0;0;1;1;23
_format_traceback_lines;2401;0;0;0;0;15
format_records;2402;1;0;5;6;45
format_exc;2403;0;1;3;3;16
format_outer_frames;2404;0;0;0;0;23
hex_str;2405;0;0;0;0;1
asbytes;2406;0;0;0;0;3
read_zfile;2407;0;0;0;0;10
write_zfile;2408;0;0;0;0;4
__init__;2409;0;0;0;0;3
read;2410;0;0;0;0;8
__init__;2411;0;0;0;0;3
read;2412;0;0;0;0;7
__init__;2413;0;0;1;1;7
_open_pickle;2414;0;0;0;0;1
load_build;2415;1;0;0;0;6
load_compatibility;2416;0;1;1;1;9
effective_n_jobs;2417;0;0;0;0;0
apply_async;2418;0;0;0;0;0
configure;2419;0;0;0;0;2
terminate;2420;0;0;0;0;0
compute_batch_size;2421;0;0;0;0;1
batch_completed;2422;0;0;0;0;0
get_exceptions;2423;0;0;0;0;1
abort_everything;2424;0;0;0;0;1
effective_n_jobs;2425;1;0;0;0;2
apply_async;2426;0;0;0;0;3
effective_n_jobs;2427;1;0;0;0;4
terminate;2428;0;0;0;0;3
apply_async;2429;0;0;0;0;1
abort_everything;2430;0;0;0;0;2
compute_batch_size;2431;0;0;0;0;12
batch_completed;2432;0;0;0;0;4
configure;2433;1;0;0;0;5
effective_n_jobs;2434;0;0;0;0;7
configure;2435;2;0;0;0;9
terminate;2436;0;0;0;0;2
__init__;2437;0;0;0;0;1
get;2438;0;0;0;0;1
__init__;2439;0;0;0;0;1
__call__;2440;0;2;1;2;5
__init__;2441;0;0;0;0;1
__init__;2442;0;0;0;0;1
__repr__;2443;0;0;0;0;6
__init__;2444;0;0;0;0;3
_mk_exception;2445;0;0;1;1;8
_mk_common_exceptions;2446;0;0;0;0;9
__init__;2447;0;0;1;1;2
__init__;2448;0;0;0;0;1
__init__;2449;0;0;0;0;4
hash;2450;0;1;1;1;6
save;2451;0;0;0;0;12
memoize;2452;0;0;0;0;3
save_global;2453;0;0;1;1;10
_batch_setitems;2454;0;0;1;1;2
save_set;2455;0;0;0;0;1
__init__;2456;0;0;0;0;6
save;2457;0;0;0;0;14
hash;2458;0;0;0;0;3
_get_backing_memmap;2459;0;0;0;0;5
has_shareable_memory;2460;0;0;0;0;1
_strided_from_memmap;2461;0;0;0;0;4
_reduce_memmap_backed;2462;0;0;0;0;11
reduce_memmap;2463;0;0;0;0;3
__init__;2464;0;0;0;0;6
__call__;2465;0;1;1;1;16
__init__;2466;0;0;0;0;7
register;2467;0;0;0;0;5
__init__;2468;0;0;0;0;6
__getstate__;2469;0;0;0;0;2
__setstate__;2470;0;0;0;0;2
empty;2471;0;0;0;0;1
_make_methods;2472;0;0;0;0;17
__init__;2473;0;0;0;0;7
_setup_queues;2474;0;0;0;0;5
delete_folder;2475;0;0;1;1;3
__init__;2476;0;0;1;1;31
terminate;2477;0;0;1;1;6
_detect_compressor;2478;0;0;0;0;16
_buffered_read_file;2479;0;0;0;0;3
_buffered_write_file;2480;0;0;0;0;3
_read_fileobject;2481;1;0;0;0;15
_write_fileobject;2482;0;0;0;0;7
__init__;2483;3;0;0;0;24
close;2484;0;0;0;0;10
closed;2485;0;0;0;0;1
fileno;2486;0;0;0;0;2
seekable;2487;0;0;0;0;1
readable;2488;0;0;0;0;2
writable;2489;0;0;0;0;2
_check_not_closed;2490;1;0;0;0;5
_check_can_read;2491;1;0;0;0;2
_check_can_write;2492;1;0;0;0;2
_check_can_seek;2493;2;0;0;0;4
_fill_buffer;2494;1;0;1;1;10
_read_all;2495;0;0;0;0;8
_read_block;2496;0;0;0;0;19
read;2497;0;0;0;0;4
readinto;2498;0;0;0;0;1
write;2499;0;0;0;0;7
_rewind;2500;0;0;0;0;6
seek;2501;1;0;0;0;10
tell;2502;0;0;0;0;2
_read_bytes;2503;1;0;1;1;10
configuration;2504;0;0;0;0;11
_k_init;2505;0;0;0;0;29
_validate_center_shape;2506;2;0;0;0;3
_tolerance;2507;0;0;0;0;4
k_means;2508;4;0;0;0;48
_kmeans_single_elkan;2509;1;0;0;0;11
_kmeans_single_lloyd;2510;0;0;0;0;19
_labels_inertia_precompute_dense;2511;0;0;0;0;14
_labels_inertia;2512;0;0;0;0;8
_init_centroids;2513;2;0;0;0;25
__init__;2514;0;0;0;0;11
_check_fit_data;2515;1;0;0;0;3
_check_test_data;2516;1;0;0;0;5
fit;2517;0;0;0;0;4
fit_predict;2518;0;0;0;0;1
fit_transform;2519;0;0;0;0;2
transform;2520;0;0;0;0;3
_transform;2521;0;0;0;0;1
predict;2522;0;0;0;0;4
score;2523;0;0;0;0;4
_mini_batch_step;2524;0;0;0;0;29
_mini_batch_convergence;2525;0;0;0;0;26
__init__;2526;0;0;0;0;6
fit;2527;1;0;0;0;43
_labels_inertia_minibatch;2528;0;0;0;0;6
partial_fit;2529;0;0;0;0;18
predict;2530;0;0;0;0;3
_scale_normalize;2531;0;0;0;0;12
_bistochastic_normalize;2532;0;0;0;0;10
_log_normalize;2533;1;0;0;0;8
__init__;2534;0;0;0;0;8
_check_parameters;2535;1;0;0;0;2
fit;2536;0;0;0;0;3
_svd;2537;0;0;0;0;20
_k_means;2538;0;0;0;0;6
__init__;2539;0;0;0;0;1
_fit;2540;0;0;0;0;10
__init__;2541;0;0;0;0;4
_check_parameters;2542;4;1;2;2;11
_fit;2543;0;0;1;1;18
_fit_best_piecewise;2544;0;0;0;0;6
_project_and_cluster;2545;0;0;0;0;3
transform;2546;1;0;0;0;9
inverse_transform;2547;0;0;0;0;3
estimate_bandwidth;2548;0;0;0;0;10
_mean_shift_single_seed;2549;0;0;0;0;11
mean_shift;2550;2;0;0;0;28
get_bin_seeds;2551;0;0;0;0;10
__init__;2552;0;0;0;0;6
fit;2553;0;0;0;0;3
predict;2554;0;0;0;0;2
affinity_propagation;2555;2;0;0;0;58
__init__;2556;0;0;0;0;7
_pairwise;2557;0;0;0;0;1
fit;2558;1;0;0;0;7
predict;2559;1;0;0;0;4
discretize;2560;1;0;1;1;34
spectral_clustering;2561;1;0;0;0;7
__init__;2562;0;0;0;0;13
fit;2563;0;0;0;0;15
_pairwise;2564;0;0;0;0;1
_iterate_sparse_X;2565;0;0;0;0;9
_split_node;2566;0;0;0;0;23
__init__;2567;0;0;0;0;10
append_subcluster;2568;0;0;0;0;6
update_split_subclusters;2569;0;0;0;0;5
insert_cf_subcluster;2570;0;0;0;0;28
__init__;2571;0;0;0;0;7
update;2572;0;0;0;0;5
merge_subcluster;2573;0;0;0;0;10
radius;2574;0;0;0;0;2
__init__;2575;0;0;0;0;5
fit;2576;0;0;0;0;2
_fit;2577;1;0;0;0;27
_get_leaves;2578;0;0;0;0;5
partial_fit;2579;0;0;0;0;5
_check_fit;2580;2;0;0;0;4
predict;2581;0;0;0;0;6
transform;2582;0;0;0;0;2
_global_clustering;2583;1;0;0;0;15
_fix_connectivity;2584;1;0;0;0;22
ward_tree;2585;1;0;0;0;65
linkage_tree;2586;0;1;1;1;65
_complete_linkage;2587;0;0;0;0;2
_average_linkage;2588;0;0;0;0;2
_hc_cut;2589;1;0;0;0;10
__init__;2590;0;0;0;0;8
fit;2591;3;0;0;0;27
fit;2592;0;0;0;0;2
fit_predict;2593;1;0;0;0;1
dbscan;2594;1;0;0;0;22
__init__;2595;0;0;0;0;7
fit;2596;0;0;0;0;7
fit_predict;2597;0;0;0;0;2
__init__;2598;0;0;0;0;12
fit;2599;1;0;0;0;14
__init__;2600;0;0;0;0;10
fit;2601;1;0;0;0;10
__init__;2602;0;0;0;0;1
__init__;2603;0;0;0;0;1
__init__;2604;0;0;0;0;1
__init__;2605;0;0;0;0;1
__init__;2606;0;0;0;0;1
fit;2607;0;0;0;0;2
decision_function;2608;0;0;0;0;2
configuration;2609;0;0;0;0;14
l1_min_c;2610;2;0;0;0;10
_one_vs_one_coef;2611;0;0;0;0;11
__init__;2612;2;0;0;0;19
_pairwise;2613;0;0;0;0;2
fit;2614;4;0;0;0;27
_validate_targets;2615;0;0;0;0;2
_warn_from_fit_status;2616;0;0;0;0;2
_dense_fit;2617;1;0;0;0;11
_sparse_fit;2618;0;0;0;0;13
predict;2619;0;0;0;0;3
_dense_predict;2620;1;0;0;0;9
_sparse_predict;2621;0;0;0;0;6
_compute_kernel;2622;0;0;0;0;6
decision_function;2623;0;0;0;0;2
_decision_function;2624;0;0;0;0;7
_dense_decision_function;2625;0;0;0;0;5
_sparse_decision_function;2626;0;0;0;0;6
_validate_for_predict;2627;3;0;0;0;12
coef_;2628;1;0;0;0;6
_get_coef;2629;0;0;0;0;1
__init__;2630;0;0;0;0;2
_validate_targets;2631;1;0;0;0;8
decision_function;2632;0;0;0;0;6
predict;2633;0;0;0;0;2
_check_proba;2634;2;0;0;0;2
predict_proba;2635;0;0;0;0;2
_predict_proba;2636;1;0;0;0;4
predict_log_proba;2637;0;0;0;0;2
_predict_log_proba;2638;0;0;0;0;1
_dense_predict_proba;2639;0;0;0;0;7
_sparse_predict_proba;2640;0;0;0;0;6
_get_coef;2641;0;0;0;0;6
_get_liblinear_solver_type;2642;2;0;0;0;11
_fit_liblinear;2643;2;0;0;0;30
configuration;2644;0;0;0;0;6
_make_edges_3d;2645;0;0;0;0;6
_compute_gradient_3d;2646;0;0;0;0;3
_mask_edges_weights;2647;0;0;0;0;12
_to_graph;2648;0;0;0;0;22
img_to_graph;2649;0;0;0;0;3
grid_to_graph;2650;0;0;0;0;1
_compute_n_patches;2651;1;0;0;0;9
extract_patches;2652;0;0;0;0;13
extract_patches_2d;2653;2;0;0;0;17
reconstruct_from_patches_2d;2654;0;0;0;0;11
__init__;2655;0;0;0;0;3
fit;2656;0;0;0;0;1
transform;2657;0;0;0;0;14
strip_accents_unicode;2658;0;0;0;0;3
strip_accents_ascii;2659;0;0;0;0;2
strip_tags;2660;0;0;0;0;1
_check_stop_list;2661;1;0;0;0;5
decode;2662;1;0;0;0;7
_word_ngrams;2663;0;0;0;0;9
_char_ngrams;2664;0;0;0;0;8
_char_wb_ngrams;2665;0;0;0;0;12
build_preprocessor;2666;1;0;0;0;10
build_tokenizer;2667;0;0;0;0;3
get_stop_words;2668;0;0;0;0;1
build_analyzer;2669;1;0;0;0;9
_validate_vocabulary;2670;4;0;0;0;21
_check_vocabulary;2671;1;0;0;0;4
__init__;2672;0;0;0;0;16
partial_fit;2673;0;0;0;0;1
fit;2674;0;0;0;0;2
transform;2675;0;0;0;0;5
_get_hasher;2676;0;0;0;0;1
_document_frequency;2677;0;0;0;0;3
__init__;2678;2;0;0;0;20
_sort_features;2679;0;0;0;0;7
_limit_features;2680;1;0;0;0;21
_count_vocab;2681;1;0;1;1;24
fit;2682;0;0;0;0;2
fit_transform;2683;1;0;0;0;14
transform;2684;0;0;0;0;6
inverse_transform;2685;0;0;0;0;9
get_feature_names;2686;0;0;0;0;2
_make_int_array;2687;0;0;0;0;1
__init__;2688;0;0;0;0;4
fit;2689;0;0;0;0;9
transform;2690;1;0;0;0;13
idf_;2691;0;0;0;0;3
__init__;2692;0;0;0;0;2
norm;2693;0;0;0;0;1
norm;2694;0;0;0;0;1
use_idf;2695;0;0;0;0;1
use_idf;2696;0;0;0;0;1
smooth_idf;2697;0;0;0;0;1
smooth_idf;2698;0;0;0;0;1
sublinear_tf;2699;0;0;0;0;1
sublinear_tf;2700;0;0;0;0;1
idf_;2701;0;0;0;0;1
fit;2702;0;0;0;0;3
fit_transform;2703;0;0;0;0;3
transform;2704;0;0;0;0;3
_tosequence;2705;0;0;0;0;3
__init__;2706;0;0;0;0;4
fit;2707;0;0;0;0;12
_transform;2708;1;0;0;0;38
fit_transform;2709;0;0;0;0;1
inverse_transform;2710;0;0;0;0;11
transform;2711;0;0;1;1;13
get_feature_names;2712;0;0;0;0;1
restrict;2713;0;0;0;0;7
_iteritems;2714;0;0;0;0;1
__init__;2715;0;0;0;0;5
_validate_params;2716;3;0;0;0;4
fit;2717;0;0;0;0;2
transform;2718;1;0;0;0;10
cross_val_score;2719;0;0;0;0;6
_fit_and_score;2720;0;2;1;1;31
_score;2721;1;0;1;1;8
cross_val_predict;2722;2;0;0;0;16
_fit_and_predict;2723;0;0;0;0;9
_check_is_permutation;2724;0;0;0;0;7
_index_param_value;2725;0;0;0;0;7
permutation_test_score;2726;0;0;0;0;9
_permutation_test_score;2727;0;0;0;0;5
_shuffle;2728;0;0;0;0;6
learning_curve;2729;1;0;0;0;21
_translate_train_sizes;2730;2;0;0;0;12
_incremental_fit_estimator;2731;0;0;0;0;11
validation_curve;2732;0;0;0;0;10
__init__;2733;0;0;0;0;3
__iter__;2734;0;0;0;0;4
__len__;2735;0;0;0;0;2
__getitem__;2736;1;0;0;0;12
__init__;2737;0;0;0;0;3
__iter__;2738;1;0;0;0;13
__len__;2739;0;0;0;0;1
fit_grid_point;2740;0;0;0;0;2
_check_param_grid;2741;3;0;0;0;10
__repr__;2742;0;0;0;0;1
__init__;2743;0;0;0;0;11
_estimator_type;2744;0;0;0;0;1
score;2745;1;0;0;0;2
_check_is_fitted;2746;1;0;0;0;2
predict;2747;0;0;0;0;3
predict_proba;2748;0;0;0;0;3
predict_log_proba;2749;0;0;0;0;3
decision_function;2750;0;0;0;0;3
transform;2751;0;0;0;0;3
inverse_transform;2752;0;0;0;0;3
_fit;2753;0;0;0;0;45
best_params_;2754;0;0;0;0;2
best_score_;2755;0;0;0;0;2
grid_scores_;2756;0;0;0;0;7
__init__;2757;0;0;0;0;3
fit;2758;0;0;0;0;1
__init__;2759;0;0;0;0;4
fit;2760;0;0;0;0;2
__init__;2761;0;0;0;0;1
split;2762;0;0;0;0;5
_iter_test_masks;2763;0;0;0;0;3
_iter_test_indices;2764;1;0;0;0;1
get_n_splits;2765;0;0;0;0;0
__repr__;2766;0;0;0;0;1
_iter_test_indices;2767;0;0;0;0;1
get_n_splits;2768;1;0;0;0;2
__init__;2769;0;0;0;0;1
_iter_test_indices;2770;0;0;0;0;2
get_n_splits;2771;1;0;0;0;2
__init__;2772;3;0;0;0;9
split;2773;1;0;0;0;4
get_n_splits;2774;0;0;0;0;1
__init__;2775;0;0;0;0;1
_iter_test_indices;2776;0;0;0;0;9
__init__;2777;0;0;0;0;1
_iter_test_indices;2778;2;0;0;0;16
__init__;2779;0;0;0;0;1
_make_test_folds;2780;1;0;0;0;19
_iter_test_masks;2781;0;0;0;0;2
split;2782;0;0;0;0;1
__init__;2783;0;0;0;0;1
split;2784;1;0;0;0;8
_iter_test_masks;2785;1;0;0;0;3
get_n_splits;2786;1;0;0;0;2
__init__;2787;0;0;0;0;1
_iter_test_masks;2788;1;0;0;0;7
get_n_splits;2789;1;0;0;0;2
__init__;2790;0;0;0;0;5
split;2791;0;0;0;0;2
_iter_indices;2792;0;0;0;0;0
get_n_splits;2793;0;0;0;0;1
__repr__;2794;0;0;0;0;1
_iter_indices;2795;0;0;0;0;7
__init__;2796;0;0;0;0;1
_iter_indices;2797;1;0;0;0;5
_approximate_mode;2798;0;0;0;0;11
__init__;2799;0;0;0;0;1
_iter_indices;2800;3;0;0;0;23
split;2801;0;0;0;0;1
_validate_shuffle_split_init;2802;6;0;0;0;11
_validate_shuffle_split;2803;3;0;0;0;15
__init__;2804;0;0;0;0;4
split;2805;0;0;0;0;4
_iter_test_masks;2806;0;0;0;0;3
get_n_splits;2807;0;0;0;0;1
__init__;2808;0;0;0;0;1
get_n_splits;2809;0;0;0;0;1
split;2810;0;0;0;0;0
check_cv;2811;1;0;0;0;12
train_test_split;2812;2;0;0;0;14
_build_repr;2813;0;0;0;0;14
_check_length_scale;2814;2;0;0;0;6
__new__;2815;1;0;0;0;6
__eq__;2816;0;0;0;0;1
get_params;2817;1;0;0;0;12
set_params;2818;2;0;0;0;12
clone_with_theta;2819;0;0;0;0;3
n_dims;2820;0;0;0;0;1
hyperparameters;2821;0;0;0;0;5
theta;2822;0;0;0;0;6
theta;2823;1;0;0;0;9
bounds;2824;0;0;0;0;5
__add__;2825;0;0;0;0;3
__radd__;2826;0;0;0;0;3
__mul__;2827;0;0;0;0;3
__rmul__;2828;0;0;0;0;3
__pow__;2829;0;0;0;0;1
__eq__;2830;0;0;0;0;9
__repr__;2831;0;0;0;0;1
__call__;2832;0;0;0;0;0
diag;2833;0;0;0;0;0
is_stationary;2834;0;0;0;0;0
diag;2835;0;0;0;0;1
is_stationary;2836;0;0;0;0;1
__init__;2837;0;0;0;0;1
get_params;2838;0;0;0;0;1
theta;2839;0;0;0;0;1
theta;2840;0;0;0;0;3
bounds;2841;0;0;0;0;1
__call__;2842;0;0;0;0;7
__eq__;2843;0;0;0;0;6
is_stationary;2844;0;0;0;0;1
diag;2845;0;0;0;0;1
__init__;2846;0;0;0;0;2
get_params;2847;0;0;0;0;6
hyperparameters;2848;0;0;0;0;4
theta;2849;0;0;0;0;1
theta;2850;0;0;0;0;3
bounds;2851;0;0;0;0;3
__eq__;2852;0;0;0;0;4
is_stationary;2853;0;0;0;0;1
__call__;2854;0;0;0;0;4
diag;2855;0;0;0;0;1
__repr__;2856;0;0;0;0;1
__call__;2857;0;0;0;0;4
diag;2858;0;0;0;0;1
__repr__;2859;0;0;0;0;1
__init__;2860;0;0;0;0;2
get_params;2861;0;0;0;0;4
hyperparameters;2862;0;0;0;0;3
theta;2863;0;0;0;0;1
theta;2864;0;0;0;0;1
bounds;2865;0;0;0;0;1
__eq__;2866;0;0;0;0;4
__call__;2867;0;0;0;0;5
diag;2868;0;0;0;0;1
__repr__;2869;0;0;0;0;1
is_stationary;2870;0;0;0;0;1
__init__;2871;0;0;0;0;2
hyperparameter_constant_value;2872;0;0;0;0;1
__call__;2873;1;0;0;0;7
diag;2874;0;0;0;0;1
__repr__;2875;0;0;0;0;1
__init__;2876;0;0;0;0;2
hyperparameter_noise_level;2877;0;0;0;0;1
__call__;2878;1;0;0;0;7
diag;2879;0;0;0;0;1
__repr__;2880;0;0;0;0;1
__init__;2881;0;0;0;0;2
anisotropic;2882;0;0;0;0;1
hyperparameter_length_scale;2883;0;0;0;0;2
__call__;2884;1;0;0;0;16
__repr__;2885;0;0;0;0;2
__init__;2886;0;0;0;0;2
__call__;2887;1;0;0;0;32
__repr__;2888;0;0;0;0;2
__init__;2889;0;0;0;0;4
hyperparameter_length_scale;2890;0;0;0;0;1
hyperparameter_alpha;2891;0;0;0;0;1
__call__;2892;1;0;0;0;17
__repr__;2893;0;0;0;0;1
__init__;2894;0;0;0;0;4
hyperparameter_length_scale;2895;0;0;0;0;1
hyperparameter_periodicity;2896;0;0;0;0;1
__call__;2897;1;0;0;0;17
__repr__;2898;0;0;0;0;1
__init__;2899;0;0;0;0;2
hyperparameter_sigma_0;2900;0;0;0;0;1
__call__;2901;1;0;0;0;9
diag;2902;0;0;0;0;1
is_stationary;2903;0;0;0;0;1
__repr__;2904;0;0;0;0;1
_approx_fprime;2905;0;0;0;0;9
__init__;2906;0;0;0;0;4
hyperparameter_gamma;2907;0;0;0;0;1
__call__;2908;0;0;0;0;8
diag;2909;0;0;0;0;1
is_stationary;2910;0;0;0;0;1
__repr__;2911;0;0;0;0;1
absolute_exponential;2912;1;0;0;0;7
squared_exponential;2913;1;0;0;0;7
generalized_exponential;2914;1;0;0;0;11
pure_nugget;2915;0;0;0;0;6
cubic;2916;1;0;0;0;12
linear;2917;1;0;0;0;12
constant;2918;0;0;0;0;4
linear;2919;0;0;0;0;4
quadratic;2920;0;0;0;0;6
__init__;2921;0;0;0;0;7
fit;2922;2;0;0;0;31
predict;2923;1;0;0;0;25
sample_y;2924;0;0;0;0;6
log_marginal_likelihood;2925;1;0;1;1;21
_constrained_optimization;2926;1;0;0;0;6
__init__;2927;0;0;0;0;7
fit;2928;3;0;0;0;26
predict;2929;0;0;0;0;4
predict_proba;2930;0;0;0;0;10
log_marginal_likelihood;2931;1;0;0;0;18
_posterior_mode;2932;0;0;0;0;19
_constrained_optimization;2933;1;0;0;0;6
__init__;2934;0;0;0;0;9
fit;2935;2;0;0;0;12
predict;2936;0;0;0;0;3
predict_proba;2937;1;0;0;0;4
kernel_;2938;0;0;0;0;2
log_marginal_likelihood;2939;3;0;0;0;11
l1_cross_distances;2940;0;0;0;0;14
__init__;2941;0;0;0;0;13
fit;2942;6;0;0;0;60
predict;2943;2;0;0;0;45
reduced_likelihood_function;2944;2;0;2;2;41
_arg_max_reduced_likelihood_function;2945;1;1;1;1;58
_check_params;2946;10;0;0;0;28
get_auto_step_size;2947;1;0;0;0;3
sag_solver;2948;1;0;0;0;41
_dynamic_max_trials;2949;0;0;0;0;6
__init__;2950;0;0;0;0;12
fit;2951;8;0;1;1;68
predict;2952;0;0;0;0;2
score;2953;0;0;0;0;2
configuration;2954;0;0;0;0;8
make_dataset;2955;0;0;0;0;8
sparse_center_data;2956;0;0;0;0;18
center_data;2957;0;0;0;0;19
_preprocess_data;2958;0;0;0;0;22
_rescale_data;2959;0;0;0;0;7
fit;2960;0;0;0;0;0
decision_function;2961;0;0;0;0;2
_decision_function;2962;0;0;0;0;3
predict;2963;0;0;0;0;1
_set_intercept;2964;0;0;0;0;3
decision_function;2965;2;0;0;0;7
predict;2966;0;0;0;0;5
_predict_proba_lr;2967;0;0;0;0;8
densify;2968;0;0;0;0;5
sparsify;2969;0;0;0;0;4
__init__;2970;0;0;0;0;4
residues_;2971;0;0;0;0;2
fit;2972;1;0;0;0;18
_pre_fit;2973;0;0;0;0;25
_alpha_grid;2974;0;0;0;0;18
lasso_path;2975;0;0;0;0;1
enet_path;2976;2;0;0;0;48
__init__;2977;0;0;0;0;14
fit;2978;2;0;0;0;28
sparse_coef_;2979;0;0;0;0;1
decision_function;2980;0;0;0;0;2
_decision_function;2981;0;0;0;0;4
__init__;2982;0;0;0;0;1
_path_residuals;2983;0;0;0;0;37
__init__;2984;0;0;0;0;15
fit;2985;6;0;0;0;80
__init__;2986;0;0;0;0;1
__init__;2987;0;0;0;0;16
__init__;2988;0;0;0;0;11
fit;2989;3;0;0;0;20
__init__;2990;0;0;0;0;11
__init__;2991;0;0;0;0;14
__init__;2992;0;0;0;0;1
_intercept_dot;2993;0;0;0;0;6
_logistic_loss_and_grad;2994;0;0;0;0;10
_logistic_loss;2995;0;0;0;0;4
_logistic_grad_hess;2996;0;0;0;0;22
_multinomial_loss;2997;0;0;0;0;15
_multinomial_loss_grad;2998;0;0;0;0;11
_multinomial_grad_hess;2999;0;0;0;0;20
_check_solver_option;3000;5;0;0;0;5
logistic_regression_path;3001;4;0;2;2;75
_log_reg_scoring_path;3002;1;0;0;0;26
__init__;3003;0;0;0;0;14
fit;3004;4;0;0;0;41
predict_proba;3005;1;0;0;0;5
predict_log_proba;3006;0;0;0;0;1
__init__;3007;0;0;0;0;16
fit;3008;4;0;0;0;71
__init__;3009;0;0;0;0;11
fit;3010;0;0;0;0;40
__init__;3011;0;0;0;0;12
fit;3012;0;0;0;0;40
_resample_model;3013;1;0;0;0;9
__init__;3014;0;0;0;0;1
fit;3015;0;0;0;0;13
_make_estimator_and_params;3016;1;0;0;0;1
get_support;3017;0;0;0;0;3
transform;3018;1;0;0;0;5
inverse_transform;3019;0;0;0;0;5
_randomized_lasso;3020;0;0;0;0;17
__init__;3021;0;0;0;0;17
_make_estimator_and_params;3022;0;0;0;0;7
_randomized_logistic;3023;0;0;0;0;14
__init__;3024;0;0;0;0;14
_make_estimator_and_params;3025;0;0;0;0;2
_preprocess_data;3026;0;0;0;0;2
_lasso_stability_path;3027;0;0;0;0;16
lasso_stability_path;3028;1;0;0;0;18
_huber_loss_and_gradient;3029;0;0;0;0;40
__init__;3030;0;0;0;0;6
fit;3031;2;0;1;1;23
_modified_weiszfeld_step;3032;0;0;0;0;11
_spatial_median;3033;0;0;0;0;9
_breakdown_point;3034;0;0;0;0;1
_lstsq;3035;0;0;0;0;12
__init__;3036;0;0;0;0;9
_check_subparams;3037;4;0;0;0;12
fit;3038;0;0;0;0;23
lars_path;3039;0;0;0;0;138
__init__;3040;0;0;0;0;11
_get_gram;3041;0;0;0;0;6
fit;3042;0;0;0;0;39
__init__;3043;0;0;0;0;12
_check_copy_and_writeable;3044;0;0;0;0;2
_lars_path_residues;3045;0;0;0;0;20
__init__;3046;0;0;0;0;12
fit;3047;0;0;0;0;32
alpha;3048;0;0;0;0;1
__init__;3049;0;0;0;0;10
fit;3050;1;0;0;0;25
__init__;3051;0;0;0;0;1
_cholesky_omp;3052;0;0;0;0;32
_gram_omp;3053;0;0;0;0;38
orthogonal_mp;3054;3;0;0;0;31
orthogonal_mp_gram;3055;4;0;0;0;26
__init__;3056;0;0;0;0;5
fit;3057;0;0;0;0;12
_omp_path_residues;3058;0;0;0;0;19
__init__;3059;0;0;0;0;7
fit;3060;0;0;0;0;15
__init__;3061;0;0;0;0;3
partial_fit;3062;1;0;0;0;3
fit;3063;0;0;0;0;2
__init__;3064;0;0;0;0;3
partial_fit;3065;0;0;0;0;2
fit;3066;0;0;0;0;2
__init__;3067;0;0;0;0;21
set_params;3068;0;0;0;0;3
fit;3069;0;0;0;0;0
_validate_params;3070;7;0;0;0;10
_get_loss_function;3071;0;1;1;1;5
_get_learning_rate_type;3072;0;1;1;1;2
_get_penalty_type;3073;0;1;1;1;3
_validate_sample_weight;3074;1;0;0;0;4
_allocate_parameter_mem;3075;4;0;0;0;21
_prepare_fit_binary;3076;0;0;0;0;18
fit_binary;3077;0;0;0;0;13
__init__;3078;0;0;0;0;4
_partial_fit;3079;2;0;0;0;15
_fit;3080;0;0;0;0;16
_fit_binary;3081;0;0;0;0;9
_fit_multiclass;3082;0;0;0;0;9
partial_fit;3083;1;0;0;0;2
fit;3084;0;0;0;0;1
__init__;3085;0;0;0;0;1
_check_proba;3086;1;0;0;0;2
predict_proba;3087;0;0;0;0;2
_predict_proba;3088;1;0;0;0;19
predict_log_proba;3089;0;0;0;0;2
_predict_log_proba;3090;0;0;0;0;1
__init__;3091;0;0;0;0;1
_partial_fit;3092;1;0;0;0;11
partial_fit;3093;0;0;0;0;1
_fit;3094;0;0;0;0;10
fit;3095;0;0;0;0;1
decision_function;3096;0;0;0;0;2
_decision_function;3097;0;0;0;0;4
predict;3098;0;0;0;0;1
_fit_regressor;3099;0;0;0;0;18
__init__;3100;0;0;0;0;1
_solve_sparse_cg;3101;1;0;0;0;19
_solve_lsqr;3102;0;0;0;0;10
_solve_cholesky;3103;0;0;0;0;13
_solve_cholesky_kernel;3104;0;0;1;1;23
_solve_svd;3105;0;0;0;0;8
ridge_regression;3106;6;0;2;2;59
__init__;3107;0;0;0;0;8
fit;3108;1;0;0;0;10
__init__;3109;0;0;0;0;1
fit;3110;0;0;0;0;1
__init__;3111;0;0;0;0;2
fit;3112;1;0;0;0;9
classes_;3113;0;0;0;0;1
__init__;3114;0;0;0;0;7
_pre_compute;3115;0;0;0;0;4
_decomp_diag;3116;0;0;0;0;1
_diag_dot;3117;0;0;0;0;3
_errors_and_values_helper;3118;0;0;0;0;6
_errors;3119;0;0;0;0;2
_values;3120;0;0;0;0;2
_pre_compute_svd;3121;1;0;0;0;6
_errors_and_values_svd_helper;3122;0;0;0;0;6
_errors_svd;3123;0;0;0;0;2
_values_svd;3124;0;0;0;0;2
fit;3125;1;0;0;0;44
__init__;3126;0;0;0;0;7
fit;3127;1;0;0;0;14
__init__;3128;0;0;0;0;2
fit;3129;0;0;0;0;8
classes_;3130;0;0;0;0;1
configuration;3131;0;0;0;0;10
_graph_connected_component;3132;0;0;0;0;17
_graph_is_connected;3133;0;0;0;0;4
_set_diag;3134;0;0;0;0;10
spectral_embedding;3135;3;1;2;2;43
__init__;3136;0;0;0;0;7
_pairwise;3137;0;0;0;0;1
_get_affinity_matrix;3138;0;0;0;0;14
fit;3139;2;0;0;0;10
fit_transform;3140;0;0;0;0;2
barycenter_weights;3141;0;0;0;0;15
barycenter_kneighbors_graph;3142;0;0;0;0;7
null_space;3143;1;1;1;1;13
locally_linear_embedding;3144;7;0;0;0;110
__init__;3145;0;0;0;0;12
_fit_transform;3146;0;0;0;0;5
fit;3147;0;0;0;0;2
fit_transform;3148;0;0;0;0;2
transform;3149;0;0;0;0;8
_smacof_single;3150;1;0;0;0;33
smacof;3151;0;0;0;0;21
__init__;3152;0;0;0;0;9
_pairwise;3153;0;0;0;0;1
fit;3154;0;0;0;0;2
fit_transform;3155;1;0;0;0;7
_joint_probabilities;3156;0;0;0;0;6
_joint_probabilities_nn;3157;0;0;0;0;10
_kl_divergence;3158;0;0;0;0;15
_kl_divergence_error;3159;0;0;0;0;10
_kl_divergence_bh;3160;0;0;0;0;12
_gradient_descent;3161;0;0;0;0;32
trustworthiness;3162;0;0;0;0;15
__init__;3163;1;0;0;0;18
_fit;3164;9;0;0;0;38
_tsne;3165;0;0;0;0;37
fit_transform;3166;0;0;0;0;3
fit;3167;0;0;0;0;2
__init__;3168;0;0;0;0;8
_fit_transform;3169;0;0;0;0;10
reconstruction_error;3170;0;0;0;0;4
fit;3171;0;0;0;0;2
fit_transform;3172;0;0;0;0;2
transform;3173;0;0;0;0;8
__init__;3174;0;0;0;0;1
_nipals_twoblocks_inner_loop;3175;0;0;0;0;23
_svd_cross_product;3176;0;0;0;0;5
_center_scale_xy;3177;0;0;0;0;13
__init__;3178;0;0;0;0;9
fit;3179;4;0;0;0;54
transform;3180;0;0;0;0;12
predict;3181;0;0;0;0;6
fit_transform;3182;0;0;0;0;1
__init__;3183;0;0;0;0;1
__init__;3184;0;0;0;0;1
__init__;3185;0;0;0;0;3
fit;3186;1;0;0;0;18
transform;3187;0;0;0;0;9
fit_transform;3188;0;0;0;0;1
