func_name;id_try;id;size;exceptions
ticket_role;0;0;3;1
get_object_or_404;1;1;2;1
get_object_or_404;1;2;1;0
get_list_or_404;2;3;2;1
resolve_url;3;4;3;1
_BaseCookie__set;4;5;4;0
get_signed_cookie;5;6;2;1
get_signed_cookie;6;7;2;0
scheme;7;8;1;1
body;8;9;1;1
_load_post_and_files;9;10;2;1
read;10;11;1;1
readline;11;12;1;1
__init__;12;13;1;1
__init__;13;14;1;1
__init__;14;15;1;2
parse;15;16;2;1
parse;16;17;0;3
parse;17;18;1;1
parse;18;19;1;3
parse;19;20;2;1
parse;20;21;0;1
parse;21;22;2;1
read;22;23;1;1
__next__;23;24;1;1
__next__;24;25;1;1
exhaust;25;26;1;1
parse_boundary_stream;26;27;1;1
parse_boundary_stream;27;28;0;1
_convert_to_charset;28;29;3;1
__delitem__;29;30;1;1
close;30;31;1;1
content;31;32;1;1
__init__;32;33;1;1
__init__;33;34;1;1
process_view;34;35;1;1
process_view;35;36;1;1
get_callable;36;37;4;1
get_callable;37;38;1;1
get_mod_func;38;39;1;1
reverse;39;40;1;1
reverse;40;41;2;1
clear_script_prefix;41;42;1;1
is_valid_path;42;43;1;1
translate_url;43;44;1;1
translate_url;44;45;1;1
regex;45;46;1;0
resolve;46;47;3;1
url_patterns;47;48;2;1
get_max_age;48;49;1;2
get_conditional_response;49;50;2;1
is_valid_ipv6_address;50;51;1;1
is_valid_ipv6_address;51;52;1;1
emit;52;53;2;1
get_git_changeset;53;54;1;1
discard;54;55;1;1
__getitem__;55;56;1;1
__getitem__;56;57;1;1
get;57;58;1;1
getlist;58;59;2;1
update;59;60;1;1
symlinks_supported;60;61;1;3
code_changed;61;62;1;1
check_errors;62;63;7;1
python_reloader;63;64;1;1
python_reloader;64;65;1;1
func_accepts_kwargs;65;66;2;1
func_accepts_kwargs;66;67;1;2
is_iterable;67;68;1;1
import_string;68;69;2;1
import_string;69;70;2;1
autodiscover_modules;70;71;3;1
module_has_submodule;71;72;1;1
module_has_submodule;72;73;1;1
module_has_submodule;73;74;1;1
module_has_submodule;74;75;8;1
module_has_submodule;75;76;0;1
module_has_submodule;76;77;0;1
module_has_submodule;77;78;1;1
_truncate_html;78;79;1;1
_replace_entity;79;80;1;1
_replace_entity;80;81;1;2
iter_format_modules;81;82;1;1
get_format;82;83;10;1
get_format;83;84;1;1
normalize;84;85;1;1
normalize;85;86;1;1
normalize;85;87;1;1
get_quantifier;86;88;1;1
get_quantifier;87;89;1;1
e;88;90;1;1
T;89;91;1;1
Z;90;92;1;1
I;91;93;1;1
force_text;92;94;3;1
force_bytes;93;95;3;1
repercent_broken_unicode;94;96;2;1
get_system_encoding;95;97;1;1
_archive_cls;96;98;1;1
extract;97;99;1;2
_isdst;98;100;6;2
_get_timezone_name;99;101;1;1
make_middleware_decorator;100;102;4;1
parse_http_date;101;103;1;1
parse_http_date_safe;102;104;1;1
urlsafe_base64_decode;103;105;1;2
is_safe_url;104;106;1;1
_strip_once;105;107;1;1
_strip_once;106;108;1;1
smart_urlquote;107;109;1;1
smart_urlquote;108;110;1;1
urlize;109;111;0;1
__get__;110;112;1;1
__get_module;111;113;1;1
load_module;112;114;1;1
remove_move;113;115;2;1
remove_move;114;116;1;1
_add_installed_apps_translations;115;117;1;1
get_language;116;118;1;1
get_supported_language_variant;117;119;1;1
get_language_from_path;118;120;1;1
get_language_from_request;119;121;1;1
get_language_from_request;120;122;0;1
get_language_from_request;121;123;1;1
parse_accept_lang_header;122;124;1;1
lazy_number;123;125;1;1
lazy_number;124;126;1;1
get_language_info;125;127;4;1
get_language_info;126;128;1;1
create;127;129;3;1
create;128;130;1;1
create;129;131;2;1
create;130;132;1;1
get_model;131;133;1;1
get_app_config;132;134;4;1
lazy_model_operation;133;135;1;1
load_backend;134;136;7;1
load_backend;135;137;1;1
ensure_defaults;136;138;1;1
prepare_test_settings;137;139;1;1
close_all;138;140;0;1
_router_func;139;141;1;1
allow_relation;140;142;1;1
allow_migrate;141;143;0;1
__exit__;142;144;4;1
__exit__;143;145;1;1
__exit__;144;146;3;1
__exit__;145;147;1;1
__exit__;146;148;1;1
__exit__;147;149;1;1
_non_atomic_requests;148;150;1;1
__exit__;149;151;1;0
executemany;150;152;1;1
execute;151;153;2;0
executemany;152;154;2;0
_rollback;153;155;1;0
is_usable;154;156;1;0
_clone_test_db;155;157;6;1
_clone_test_db;156;158;2;1
datetime_trunc_sql;157;159;1;1
_create_test_db;158;160;10;1
_create_test_db;159;161;2;1
prepare_sql_script;160;162;1;1
supports_stddev;161;163;1;1
_setup_environment;162;164;1;1
init_connection_state;163;165;2;1
init_connection_state;164;166;1;1
_commit;165;167;5;0
is_usable;166;168;1;0
oracle_version;167;169;1;1
_format_params;168;170;1;1
execute;169;171;4;0
executemany;170;172;4;0
close;171;173;1;0
_create_test_db;172;174;16;1
_create_test_db;173;175;4;1
_create_test_db;173;176;2;1
_create_test_db;174;177;2;1
_create_test_db;175;178;11;1
_create_test_db;176;179;2;1
_handle_objects_preventing_db_destruction;177;180;2;1
_handle_objects_preventing_db_destruction;178;181;2;1
_execute_statements;179;182;2;1
_execute_allow_fail_statements;180;183;3;1
alter_field;181;184;3;1
_parse_version;182;185;1;2
get_new_connection;183;186;1;1
is_usable;184;187;1;0
_nodb_connection;185;188;4;2
runshell_db;186;189;1;1
_clone_test_db;187;190;6;1
_clone_test_db;188;191;2;1
_sqlite_date_extract;189;192;1;2
_sqlite_date_trunc;190;193;1;2
_sqlite_datetime_parse;191;194;1;2
_sqlite_time_extract;192;195;1;2
_sqlite_format_dtdelta;193;196;1;2
__getitem__;194;197;3;1
get_relations;195;198;1;1
_create_test_db;196;199;2;1
_clone_test_db;197;200;2;1
_clone_test_db;198;201;2;1
quote_value;199;202;1;1
quote_value;199;203;1;0
check_expression_support;200;204;1;1
supports_stddev;201;205;1;0
make_model_tuple;202;206;1;2
__init__;203;207;2;1
__init__;204;208;1;1
__init__;205;209;1;1
__init__;206;210;1;2
__repr__;207;211;1;2
serializable_value;208;212;1;1
save;209;213;0;1
_get_next_or_previous_by_FIELD;210;214;1;1
full_clean;211;215;1;1
full_clean;212;216;1;1
full_clean;213;217;1;1
clean_fields;214;218;1;1
_check_swappable;215;219;1;1
_check_swappable;215;220;2;1
_check_local_fields;216;221;1;1
as_sql;217;222;1;1
as_sql;218;223;1;1
compile;219;224;1;1
as_sqlite;220;225;1;1
process_rhs;221;226;1;1
as_sql;222;227;1;3
normalize_together;223;228;1;1
_prepare;224;229;1;1
add_field;225;230;1;1
swapped;226;231;1;1
base_manager;227;232;1;1
default_manager;228;233;1;1
_forward_fields_map;229;234;1;1
fields_map;230;235;1;1
get_field;231;236;1;1
get_field;232;237;1;1
_get_fields;233;238;1;1
__get__;234;239;1;1
_get_lookup;235;240;2;1
_get_lookup;235;241;1;1
__iter__;236;242;1;1
aggregate;237;243;1;2
get_or_create;238;244;1;0
update_or_create;239;245;2;0
_create_object_from_params;240;246;4;1
_create_object_from_params;241;247;1;0
annotate;242;248;1;2
columns;243;249;1;1
prefetch_related_objects;244;250;1;2
prefetch_related_objects;245;251;0;0
prefetch_one_level;246;252;1;0
prefetch_one_level;247;253;2;1
run_validators;248;254;3;0
db_check;249;255;1;1
db_type;250;256;1;1
to_python;251;257;1;2
to_python;252;258;1;1
to_python;253;259;1;1
to_python;254;260;1;1
get_prep_value;255;261;1;1
_check_decimal_places;256;262;1;1
_check_decimal_places;256;263;1;1
_check_max_digits;257;264;1;1
_check_max_digits;257;265;1;1
to_python;258;266;1;0
to_python;259;267;1;1
to_python;260;268;1;2
to_python;261;269;1;2
get_prep_value;262;270;1;0
to_python;263;271;1;1
get_db_prep_value;264;272;1;1
to_python;265;273;1;1
_check_image_library_installed;266;274;1;1
get_normalized_value;267;275;1;1
__get__;268;276;7;1
__get__;269;277;7;1
__get__;270;278;1;0
__set__;271;279;1;1
create_reverse_many_to_one_manager;272;280;2;2
create_forward_many_to_many_manager;273;281;2;2
_check_unique_target;274;282;1;0
__init__;275;283;1;1
__init__;276;284;2;1
_check_relationship_model;277;285;1;0
get_from_clause;278;286;0;1
execute_sql;279;287;2;1
execute_sql;280;288;2;1
as_sql;281;289;1;1
get_aggregation;282;290;1;1
build_filter;283;291;1;1
names_to_path;284;292;4;1
names_to_path;285;293;1;1
add_fields;286;294;1;1
add_fields;286;295;3;1
get_loaded_field_names;287;296;4;1
reload_model;288;297;1;1
reload_model;289;298;1;1
reload_model;290;299;1;1
render_multiple;291;300;1;1
unregister_model;292;301;1;1
from_model;293;302;1;1
from_model;294;303;1;1
render;295;304;1;1
remove_replaced_nodes;296;305;5;1
remove_replacement_node;297;306;5;1
forwards_plan;298;307;2;1
backwards_plan;299;308;2;1
ask_initial;300;309;1;1
ask_initial;301;310;1;1
_choice_input;302;311;1;1
_ask_default;303;312;1;2
load_disk;304;313;4;1
check_key;305;314;2;1
build_graph;306;315;12;1
ensure_schema;307;316;1;1
basedir;308;317;1;1
basedir;309;318;1;1
basedir;310;319;0;1
basedir;311;320;0;1
swappable_first_key;312;321;1;1
__new__;313;322;1;1
send_robust;314;323;3;1
cleanse_setting;315;324;1;1
cleanse_special_types;316;325;1;1
_get_lines_from_file;317;326;1;1
_get_lines_from_file;318;327;1;2
technical_404_response;319;328;1;3
technical_404_response;320;329;1;3
technical_404_response;321;330;1;1
csrf_failure;322;331;2;1
page_not_found;323;332;1;2
page_not_found;324;333;4;1
server_error;325;334;2;1
bad_request;326;335;2;1
permission_denied;327;336;2;1
directory_index;328;337;1;1
was_modified_since;329;338;1;3
paginate_queryset;330;339;2;1
paginate_queryset;331;340;1;1
get_template_names;332;341;1;1
get_redirect_url;333;342;1;1
get_success_url;334;343;1;1
get_year;335;344;2;1
get_year;336;345;1;1
get_month;337;346;2;1
get_month;338;347;1;1
get_day;339;348;2;1
get_day;340;349;1;1
get_week;341;350;2;1
get_week;342;351;1;1
_date_from_string;343;352;1;1
_get_next_prev;344;353;1;1
get_object;345;354;1;0
get_template_names;346;355;10;1
render;347;356;1;1
render;348;357;1;2
render;349;358;1;1
render;350;359;1;1
render;351;360;1;1
do_timezone;352;361;1;1
do_timezone;353;362;1;0
handle_simple;354;363;1;1
render;355;364;3;2
do_translate;356;365;2;1
do_translate;357;366;2;1
do_block_translate;358;367;2;1
do_block_translate;359;368;2;1
validate_number;360;369;1;2
count;361;370;1;2
__call__;362;371;7;1
__call__;363;372;1;1
__call__;364;373;1;1
__call__;365;374;1;1
__call__;366;375;1;1
validate_domain_part;367;376;1;1
validate_ipv46_address;368;377;2;1
validate_ipv46_address;369;378;1;1
ip_address_validators;370;379;1;1
get_internal_wsgi_application;371;380;2;1
_create_cache;372;381;1;1
_create_cache;373;382;4;1
_create_cache;374;383;1;1
__getitem__;375;384;1;1
__getitem__;375;385;1;1
_base_set;376;386;1;1
__init__;377;387;1;2
__init__;378;388;1;2
__init__;379;389;1;2
get;380;390;1;1
_delete;381;391;1;1
_createdir;382;392;1;1
incr;383;393;1;0
decr;384;394;1;0
get;385;395;1;0
get;386;396;1;1
has_key;387;397;1;1
_delete;388;398;1;1
_delete;389;399;1;1
_check_lazy_references;390;400;1;1
_samefile;391;401;1;1
file_move_safe;392;402;1;1
file_move_safe;393;403;3;1
close;394;404;1;2
close;395;405;1;1
_get_size_from_underlying_file;396;406;1;2
chunks;397;407;1;2
close;398;408;1;1
_save;399;409;1;1
_save;400;410;3;1
delete;401;411;1;1
get_image_dimensions;402;412;3;0
get_image_dimensions;402;413;1;0
popen_wrapper;403;414;2;1
run_from_argv;404;415;6;1
check_migrations;405;416;1;1
check_migrations;405;417;2;1
handle;406;418;1;2
call_command;407;419;1;1
fetch_command;408;420;4;1
autocomplete;409;421;1;1
autocomplete;410;422;1;1
execute;411;423;1;1
execute;412;424;1;1
execute;413;425;2;1
execute;414;426;3;1
handle;415;427;3;1
handle;416;428;1;1
download;417;429;1;1
extract;418;430;1;2
inner_run;419;431;5;0
inner_run;419;432;2;1
inner_run;420;433;1;1
handle;421;434;1;1
handle;422;435;1;1
handle_inspection;423;436;1;1
handle_inspection;424;437;1;1
handle_inspection;425;438;1;1
handle_inspection;426;439;1;1
get_field_type;427;440;2;1
handle;428;441;1;1
find_migration;429;442;1;1
find_migration;429;443;1;1
is_writable;430;444;1;2
handle;431;445;1;1
handle;432;446;1;1
handle;433;447;1;1
handle;434;448;5;1
handle;435;449;1;1
handle;436;450;1;1
handle;437;451;1;1
handle;438;452;1;0
handle;439;453;2;1
handle;440;454;1;1
handle;440;455;1;1
loaddata;441;456;2;1
load_label;442;457;3;1
load_label;443;458;2;2
handle;444;459;1;1
handle;444;460;1;1
ipython;445;461;1;1
python;446;462;1;1
python;447;463;1;1
handle;448;464;1;1
handle;449;465;1;1
handle;450;466;2;1
handle;451;467;1;1
handle;452;468;1;1
process_locale_dir;453;469;1;1
handle;454;470;1;1
handle_merge;455;471;1;1
create_table;456;472;1;1
build_instance;457;473;1;0
register_serializer;458;474;2;1
Deserializer;459;475;1;1
Deserializer;459;476;1;1
Deserializer;460;477;1;0
Deserializer;461;478;1;1
Deserializer;462;479;1;1
Deserializer;463;480;1;1
Deserializer;464;481;1;1
_get_model;465;482;1;2
Deserializer;466;483;1;1
Deserializer;466;484;1;1
handle_field;467;485;1;1
_get_model_from_node;468;486;1;2
forbid_multi_line_headers;469;487;3;1
split_addr;470;488;1;1
sanitize_address;471;489;1;1
sanitize_address;472;490;2;2
attach_file;473;491;1;1
_create_attachment;474;492;2;1
open;475;493;1;0
close;476;494;1;2
close;476;495;2;0
_send;477;496;2;0
__init__;478;497;1;1
send_messages;479;498;1;1
load_middleware;480;499;3;1
load_middleware;481;500;3;1
get_response;482;501;2;1
_get_response;483;502;1;1
_get_response;484;503;1;1
convert_exception_to_response;485;504;1;1
get_exception_response;486;505;2;1
get_exception_response;487;506;2;1
__init__;488;507;1;1
__init__;489;508;1;2
__call__;490;509;2;1
templates;491;510;2;1
__getitem__;492;511;8;1
__getitem__;493;512;1;1
render;494;513;1;1
render;495;514;1;1
render;496;515;1;1
render;497;516;1;1
render;498;517;1;2
render;499;518;2;1
render;500;519;1;1
render;501;520;1;1
render;502;521;1;1
render;502;522;1;2
render;503;523;1;1
render;503;524;1;3
find_library;504;525;1;1
__init__;505;526;1;1
compile_nodelist;506;527;2;1
get_exception_info;507;528;1;2
parse;508;529;1;1
parse;509;530;1;1
parse;510;531;1;1
parse;511;532;1;1
__init__;512;533;1;1
resolve;513;534;5;1
__init__;514;535;8;1
__init__;515;536;3;1
_resolve_lookup;516;537;5;1
_resolve_lookup;517;538;10;5
_resolve_lookup;518;539;6;2
_resolve_lookup;519;540;1;4
_resolve_lookup;520;541;3;1
_resolve_lookup;521;542;1;1
render_annotated;522;543;3;1
render;523;544;1;1
floatformat;524;545;1;1
floatformat;524;546;3;1
floatformat;525;547;1;4
floatformat;526;548;1;1
floatformat;527;549;1;3
floatformat;528;550;1;1
stringformat;529;551;1;2
truncatechars;530;552;1;1
truncatechars_html;531;553;1;1
truncatewords;532;554;1;1
truncatewords_html;533;555;1;1
_property_resolver;534;556;1;1
dictsort;535;557;1;2
dictsortreversed;536;558;1;2
first;537;559;1;1
join;538;560;1;1
last;539;561;1;1
length;540;562;1;2
length_is;541;563;1;2
slice_filter;542;564;1;2
unordered_list;543;565;1;1
unordered_list;544;566;0;1
unordered_list;545;567;1;1
add;546;568;2;2
add;547;569;1;1
get_digit;548;570;1;1
get_digit;549;571;1;1
date;550;572;2;1
date;551;573;1;1
time;552;574;2;2
time;553;575;1;2
timesince_filter;554;576;1;2
timeuntil_filter;555;577;1;2
yesno;556;578;1;1
filesizeformat;557;579;2;3
pluralize;558;580;1;1
pluralize;558;581;3;1
pluralize;559;582;1;1
pprint;560;583;1;1
find_template;561;584;1;1
find_template;562;585;1;1
select_template;563;586;1;1
get_template;564;587;1;1
select_template;565;588;1;1
setdefault;566;589;1;1
infix;567;590;1;1
prefix;568;591;1;1
translate_token;569;592;1;2
parse_bits;570;593;1;1
import_library;571;594;1;1
import_library;572;595;1;1
pop;573;596;1;1
get_block;574;597;1;1
render;575;598;4;1
do_block;576;599;1;1
get_contents;577;600;1;1
load_template_source;578;601;1;1
get_template;579;602;1;1
load_template;580;603;1;1
get_contents;581;604;2;1
get_template_sources;582;605;0;1
load_template_source;583;606;1;1
get_contents;584;607;1;1
load_template_source;585;608;1;1
get_template;586;609;2;1
find_template;587;610;5;1
find_template;588;611;1;1
load_template;589;612;1;1
iter_template_filenames;590;613;1;1
get_template;591;614;1;0
get_template;591;615;3;0
get_template;592;616;1;1
render;593;617;1;1
get_installed_libraries;594;618;0;1
get_package_libraries;595;619;1;1
get_template;596;620;2;1
unquote;597;621;1;1
get_deleted_objects;598;622;1;1
collect;599;623;1;0
lookup_field;600;624;11;1
label_for_field;601;625;23;1
label_for_field;602;626;1;1
help_text_for_field;603;627;1;1
reverse_field_path;604;628;0;1
remove_trailing_data_field;605;629;1;1
wait_page_loaded;606;630;1;1
get_change_message;607;631;1;1
get_admin_url;608;632;1;1
contents;609;633;1;3
label_for_value;610;634;1;2
label_for_value;611;635;1;1
get_empty_value_display;612;636;1;1
lookup_allowed;613;637;0;1
to_field_allowed;614;638;1;1
get_form;615;639;1;1
get_object;616;640;1;3
get_action;617;641;1;1
message_user;618;642;3;1
response_action;619;643;1;1
response_action;620;644;1;1
get_changeform_initial_data;621;645;0;1
changelist_view;622;646;3;1
check_dependencies;623;647;1;1
_check_raw_id_fields_item;624;648;1;1
_check_field_spec_item;625;649;1;1
_check_filter_item;626;650;1;1
_check_radio_fields_key;627;651;1;1
_check_prepopulated_fields_key;628;652;1;1
_check_prepopulated_fields_value_item;629;653;1;1
_check_ordering_item;630;654;1;1
_check_readonly_fields_item;631;655;1;1
_check_list_display_item;632;656;2;1
_check_list_display_item;633;657;1;1
_check_list_display_item;634;658;1;1
_check_list_filter_item;635;659;1;2
_check_list_editable_item;636;660;1;1
_check_date_hierarchy;637;661;1;1
_check_relation;638;662;1;1
_build_app_dict;639;663;1;1
_build_app_dict;640;664;1;1
queryset;641;665;1;1
__init__;642;666;1;1
get_filters;643;667;1;1
get_results;644;668;1;1
get_ordering_field;645;669;6;1
get_ordering;646;670;0;2
get_ordering_field_columns;647;671;0;1
get_queryset;648;672;1;2
get_queryset;648;673;1;1
has_related_field_in_list_display;649;674;1;1
add_preserved_filters;650;675;1;1
items_for_result;651;676;1;1
items_for_result;652;677;1;1
process_response;653;678;1;0
process_response;654;679;1;0
check_token;655;680;1;1
check_token;656;681;1;1
get_password_validators;657;682;2;1
validate_password;658;683;1;1
__init__;659;684;2;1
is_password_usable;660;685;1;1
get_hasher;661;686;1;1
_load_library;662;687;1;1
verify;663;688;1;0
render;664;689;1;1
process_request;665;690;2;1
clean_username;666;691;1;1
_remove_invalid_user;667;692;1;1
authenticate;668;693;0;1
authenticate;669;694;0;1
login;670;695;4;1
get_user_model;671;696;1;1
get_user_model;671;697;1;1
get_user;672;698;1;1
authenticate;673;699;1;0
get_user;674;700;1;0
authenticate;675;701;1;0
_user_has_perm;676;702;1;1
_user_has_module_perms;677;703;1;1
password_reset_confirm;678;704;1;4
normalize_email;679;705;1;1
create_permissions;680;706;1;1
get_system_username;681;707;1;2
get_system_username;682;708;1;1
get_default_username;683;709;1;1
get_default_username;684;710;1;0
get_default_username;685;711;1;0
handle;686;712;1;0
handle;687;713;2;1
handle;688;714;1;0
handle;689;715;2;1
handle;689;716;1;1
handle;690;717;1;0
handle;691;718;2;0
get_input_data;692;719;2;0
check_password;693;720;1;0
groups_for_user;694;721;1;0
register_hstore_handler;695;722;1;1
model;696;723;1;1
get_transform;697;724;1;1
get_transform;698;725;1;1
validate;699;726;1;0
run_validators;700;727;1;0
validate;701;728;1;1
as_sql;702;729;1;1
model;703;730;1;1
to_python;704;731;1;1
validate;705;732;1;1
run_validators;706;733;1;1
render;707;734;1;1
clean;708;735;2;1
to_python;709;736;1;1
bound_data;710;737;1;1
to_python;711;738;1;1
compress;712;739;1;1
hashed_name;713;740;1;1
post_process;714;741;0;1
read_manifest;715;742;1;1
load_manifest;716;743;1;1
get;717;744;1;1
__init__;718;745;1;1
find;719;746;1;1
get_response;720;747;1;1
local;721;748;1;1
clear_dir;722;749;1;1
delete_file;723;750;1;3
delete_file;724;751;1;3
link_file;725;752;1;1
link_file;726;753;1;1
link_file;726;754;1;1
link_file;726;755;1;1
process_response;727;756;1;1
process_response;728;757;1;1
load;729;758;5;2
create;730;759;0;1
save;731;760;2;1
save;731;761;2;1
delete;732;762;1;0
load;733;763;1;1
create;734;764;0;1
decode;735;765;4;1
is_empty;736;766;1;1
_get_session;737;767;2;1
get_expiry_age;738;768;1;1
get_expiry_age;739;769;1;1
get_expiry_date;740;770;1;1
get_expiry_date;741;771;1;1
set_expiry;742;772;1;1
load;743;773;1;1
_get_storage_path;744;774;6;1
load;745;775;1;2
load;746;776;4;2
create;747;777;0;1
save;748;778;3;1
save;749;779;1;3
delete;750;780;1;1
load;751;781;1;1
load;752;782;5;2
handle;753;783;1;1
ping_google;754;784;2;1
ping_google;755;785;1;1
__get;756;786;1;1
get_urls;757;787;1;0
sitemap;758;788;1;1
sitemap;758;789;1;1
process_response;759;790;1;1
process_response;759;791;2;1
flatpage;760;792;5;1
_decode;761;793;1;1
ordinal;762;794;1;2
intcomma;763;795;1;2
intword;764;796;1;2
apnumber;765;797;1;2
naturalday;766;798;1;1
naturalday;766;799;1;1
_check_field_name;767;800;1;1
_get_field_name;768;801;1;1
_get_site_by_request;769;802;4;0
clear_site_cache;770;803;1;1
clear_site_cache;771;804;1;2
create_default_site;772;805;1;1
parse_docstring;773;806;2;1
get_context_data;774;807;1;1
get_context_data;775;808;1;1
_get_view_func;776;809;2;1
_get_view_func;776;810;1;1
get_context_data;777;811;1;1
get_context_data;778;812;1;1
get_context_data;779;813;0;1
get_context_data;780;814;1;1
extract_views_from_urlpatterns;781;815;0;1
extract_views_from_urlpatterns;782;816;0;1
feed;783;817;1;1
render;784;818;2;2
render;785;819;2;1
check_layer;786;820;1;1
check_layer;787;821;1;1
check_layer;788;822;1;1
check_layer;789;823;1;1
feature_kwargs;790;824;1;1
verify_ogr_field;791;825;1;1
verify_ogr_field;792;826;1;1
verify_fk;793;827;1;1
coord_transform;794;828;2;1
save;795;829;2;1
save;796;830;1;1
save;797;831;4;1
save;798;832;2;1
add_srs_entry;799;833;1;0
__init__;800;834;1;1
kml;801;835;1;1
kml;802;836;1;1
remove_field;803;837;1;1
create_spatial_indexes;804;838;1;1
srs;805;839;1;1
srs;806;840;1;1
__str__;807;841;1;1
get_new_connection;808;842;1;1
get_new_connection;809;843;2;1
delete_model;810;844;1;1
alter_db_table;811;845;1;1
spatial_version;812;846;2;1
get_geometry_type;813;847;2;1
get_geometry_type;814;848;2;1
spatial_version;815;849;1;1
_check_geo_field;816;850;1;2
srid;817;851;1;2
get_srid_info;818;852;1;1
get_raster_prep_value;819;853;1;1
get_raster_prep_value;820;854;1;1
get_prep_value;821;855;1;2
get_transform;822;856;1;1
__get__;823;857;1;1
__call__;824;858;1;1
handle;825;859;1;0
_make_feature;826;860;1;1
srs;827;861;1;1
_get_spatial_filter;828;862;1;1
__init__;829;863;1;1
__del__;830;864;1;2
__del__;831;865;1;2
_get_srs;832;866;1;1
__init__;833;867;1;1
__del__;834;868;1;2
srid;835;869;1;2
__del__;836;870;1;2
__del__;837;871;1;2
value;838;872;1;2
value;839;873;1;2
value;840;874;1;2
__init__;841;875;1;1
__del__;842;876;1;2
srs;843;877;1;1
statistics;844;878;1;1
__getitem__;845;879;1;1
deserialize;846;880;1;2
render;847;881;1;0
to_python;848;882;1;3
to_python;849;883;1;1
clean;850;884;1;1
has_changed;851;885;1;0
__del__;852;886;1;2
ogr;853;887;1;0
srs;854;888;1;0
__del__;855;889;1;2
__eq__;856;890;1;1
__lt__;857;891;1;1
_set_slice;858;892;1;1
_construct_ring;859;893;1;1
load_geos;860;894;1;4
notice_h;861;895;1;1
error_h;862;896;1;1
fromfile;863;897;1;1
__del__;864;898;1;2
__init__;865;899;2;1
__call__;866;900;1;1
item_link;867;901;1;1
_get_dynamic_attr;868;902;1;1
_get_dynamic_attr;869;903;1;1
get_feed;870;904;1;1
get_feed;871;905;1;1
get_by_natural_key;872;906;2;1
get_for_model;873;907;1;1
get_for_model;874;908;1;0
get_for_models;875;909;3;1
get_for_id;876;910;2;1
model_class;877;911;1;1
_check_object_id_field;878;912;1;1
_check_content_type_field;879;913;1;1
__get__;880;914;1;1
__get__;881;915;1;1
create_generic_related_manager;882;916;2;2
shortcut;883;917;1;2
shortcut;884;918;1;1
shortcut;885;919;1;1
shortcut;886;920;0;0
shortcut;887;921;1;0
_check_relation;888;922;1;1
_check_relation;889;923;1;1
_rename;890;924;1;0
_rename;891;925;1;1
inject_rename_contenttypes_operations;892;926;1;1
update_contenttypes;893;927;1;1
add_legacy_name;894;928;1;1
include;895;929;3;1
from_current_timezone;896;930;3;1
order_fields;897;931;1;1
__getitem__;898;932;1;1
_clean_fields;899;933;1;1
_clean_form;900;934;1;1
changed_data;901;935;1;1
_post_clean;902;936;1;1
_post_clean;903;937;1;1
validate_unique;904;938;1;1
_construct_form;905;939;1;1
add_fields;906;940;1;1
to_python;907;941;1;3
_check_values;908;942;1;1
_check_values;909;943;1;2
media_property;910;944;1;1
render;911;945;1;1
render;912;946;1;1
render;913;947;8;1
render;914;948;1;1
value_from_datadict;915;949;1;1
run_validators;916;950;3;1
has_changed;917;951;1;1
to_python;918;952;1;2
to_python;919;953;1;2
to_python;920;954;1;1
to_python;921;955;0;2
to_python;922;956;1;1
to_python;923;957;1;1
to_python;924;958;1;1
_coerce;925;959;1;3
_coerce;926;960;1;3
clean;927;961;1;1
clean;928;962;1;1
has_changed;929;963;1;1
__init__;930;964;1;1
to_python;931;965;1;1
_construct_form;932;966;1;1
full_clean;933;967;1;1
