name_func;name_exception;user/sys
check_cython_extensions;Exception;sys
get_root;VersioneerBadRootError;usr
git_versions_from_keywords;NotThisMethod;usr
git_versions_from_keywords;NotThisMethod;usr
git_pieces_from_vcs;NotThisMethod;usr
git_pieces_from_vcs;NotThisMethod;usr
git_pieces_from_vcs;NotThisMethod;usr
versions_from_parentdir;NotThisMethod;usr
versions_from_file;NotThisMethod;usr
render;ValueError;sys
versions_from_parentdir;NotThisMethod;usr
git_versions_from_keywords;NotThisMethod;usr
git_versions_from_keywords;NotThisMethod;usr
git_pieces_from_vcs;NotThisMethod;usr
git_pieces_from_vcs;NotThisMethod;usr
git_pieces_from_vcs;NotThisMethod;usr
render;ValueError;sys
_get_standard_colors;ValueError;sys
_get_standard_colors;ValueError;sys
_get_standard_colors;ValueError;sys
__getitem__;ValueError;sys
__delitem__;ValueError;sys
time2num;ValueError;sys
_convert_1d;TypeError;sys
get_datevalue;ValueError;sys
__call__;RuntimeError;sys
_daily_finder;ValueError;sys
_daily_finder;ValueError;sys
get_finder;NotImplementedError;sys
_maybe_resample;ValueError;sys
_maybe_resample;ValueError;sys
_maybe_convert_index;ValueError;sys
format_dateaxis;TypeError;sys
table;ValueError;sys
_get_layout;ValueError;sys
_get_layout;ValueError;sys
_get_layout;ValueError;sys
_subplots;ValueError;sys
parallel_coordinates;ValueError;sys
parallel_coordinates;ValueError;sys
parallel_coordinates;ValueError;sys
_kind;NotImplementedError;sys
__init__;TypeError;sys
_validate_color_args;ValueError;sys
_compute_plot_data;TypeError;sys
_make_plot;AbstractMethodError;usr
_post_plot_logic_common;ValueError;sys
_adorn_subplots;ValueError;sys
_adorn_subplots;ValueError;sys
_parse_errorbars;ValueError;sys
_parse_errorbars;ValueError;sys
__init__;ValueError;sys
_make_plot;TypeError;sys
_get_stacked_values;ValueError;sys
__init__;ValueError;sys
__init__;ValueError;sys
__init__;ValueError;sys
_validate_color_args;ValueError;sys
_plot;ValueError;sys
_plot;ValueError;sys
_plot;ValueError;sys
boxplot;ValueError;sys
boxplot;ValueError;sys
hist_series;ValueError;sys
hist_series;AssertionError;sys
hist_series;ValueError;sys
__call__;NotImplementedError;sys
ensure_compat;AssertionError;sys
__delitem__;KeyError;sys
raise_with_traceback;with_traceback;usr
__init__;TypeError;sys
__missing__;KeyError;sys
is_compat;ValueError;sys
__missing__;KeyError;sys
__call__;ValueError;sys
validate_window_func;UnsupportedFunctionCall;usr
validate_window_func;UnsupportedFunctionCall;usr
validate_rolling_func;UnsupportedFunctionCall;usr
validate_rolling_func;UnsupportedFunctionCall;usr
validate_expanding_func;UnsupportedFunctionCall;usr
validate_expanding_func;UnsupportedFunctionCall;usr
validate_groupby_func;UnsupportedFunctionCall;usr
validate_resampler_func;UnsupportedFunctionCall;usr
validate_resampler_func;TypeError;sys
_check_zlib;ImportError;sys
_check_blosc;ImportError;sys
read_msgpack;ValueError;sys
unconvert;ValueError;sys
encode;NotImplementedError;sys
encode;NotImplementedError;sys
encode;Exception;sys
register_writer;ValueError;sys
__init__;ImportError;sys
__init__;ValueError;sys
__init__;ValueError;sys
_parse_excel;NotImplementedError;sys
_validate_freeze_panes;ValueError;sys
_get_sheet_name;ValueError;sys
check_extension;ValueError;sys
__init__;ValueError;sys
to_feather;ValueError;sys
to_feather;ValueError;sys
to_feather;ValueError;sys
to_feather;ValueError;sys
to_feather;ValueError;sys
_check_columns;AssertionError;sys
_check_columns;AssertionError;sys
read_clipboard;NotImplementedError;sys
to_clipboard;ValueError;sys
_tables;ImportError;sys
read_hdf;ValueError;sys
read_hdf;FileNotFoundError;usr
read_hdf;IOError;sys
read_hdf;NotImplementedError;sys
read_hdf;ValueError;sys
read_hdf;ValueError;sys
__init__;ValueError;sys
__getattr__;AttributeError;sys
open;PossibleDataLossError;usr
get;KeyError;sys
select;KeyError;sys
select_as_multiple;TypeError;sys
select_as_multiple;ValueError;sys
select_as_multiple;KeyError;sys
select_as_multiple;TypeError;sys
select_as_multiple;ValueError;sys
remove;KeyError;sys
remove;ValueError;sys
append;TypeError;sys
append_to_multiple;TypeError;sys
append_to_multiple;ValueError;sys
append_to_multiple;ValueError;sys
append_to_multiple;ValueError;sys
create_table_index;TypeError;sys
_check_if_open;ClosedFileError;usr
_create_storer;TypeError;sys
_create_storer;TypeError;sys
_write_to_group;ValueError;sys
_write_to_group;ValueError;sys
get_result;TypeError;sys
validate_col;ValueError;sys
validate_attr;TypeError;sys
update_info;ValueError;sys
validate_metadata;ValueError;sys
set_kind;AssertionError;sys
set_atom;TypeError;sys
set_atom;TypeError;sys
set_atom;TypeError;sys
set_atom_string;TypeError;sys
set_atom_categorical;NotImplementedError;sys
set_atom_categorical;NotImplementedError;sys
validate_attr;ValueError;sys
validate_attr;ValueError;sys
validate_names;ValueError;sys
read;NotImplementedError;sys
write;NotImplementedError;sys
delete;TypeError;sys
validate_read;TypeError;sys
validate_read;TypeError;sys
read_index;TypeError;sys
write_array;NotImplementedError;sys
validate_read;NotImplementedError;sys
write;ValueError;sys
validate;TypeError;sys
validate;ValueError;sys
validate;Exception;sys
validate_min_itemsize;ValueError;sys
create_index;TypeError;sys
validate_data_columns;ValueError;sys
create_axes;ValueError;sys
process_axes;ValueError;sys
read_column;TypeError;sys
read_column;ValueError;sys
read_column;KeyError;sys
read;NotImplementedError;sys
write;NotImplementedError;sys
write;TypeError;sys
write;NotImplementedError;sys
_convert_index;TypeError;sys
_convert_index;TypeError;sys
_unconvert_index;ValueError;sys
_unconvert_index_legacy;ValueError;sys
_get_converter;ValueError;sys
__init__;ValueError;sys
_stata_elapsed_date_to_datetime_vec;ValueError;sys
_stata_elapsed_date_to_datetime_vec;ValueError;sys
_datetime_to_stata_elapsed_vec;ValueError;sys
_datetime_to_stata_elapsed_vec;ValueError;sys
_cast_to_stata_types;ValueError;sys
_cast_to_stata_types;ValueError;sys
__init__;ValueError;sys
get_base_missing_value;ValueError;sys
__init__;ValueError;sys
__init__;ValueError;sys
_read_new_header;ValueError;sys
_get_time_stamp;ValueError;sys
_get_seek_variable_labels;ValueError;sys
_read_old_header;ValueError;sys
data;Exception;sys
read;StopIteration;sys
_do_select_columns;ValueError;sys
_do_select_columns;ValueError;sys
_set_endianness;ValueError;sys
_convert_datetime_to_stata_type;NotImplementedError;sys
_maybe_convert_to_int_keys;ValueError;sys
_dtype_to_stata_type;NotImplementedError;sys
_dtype_to_default_stata_fmt;ValueError;sys
_dtype_to_default_stata_fmt;ValueError;sys
_dtype_to_default_stata_fmt;NotImplementedError;sys
_prepare_categoricals;ValueError;sys
_write_header;ValueError;sys
_write_variable_labels;ValueError;sys
_write_variable_labels;ValueError;sys
__next__;AbstractMethodError;usr
_validate_header_arg;TypeError;sys
get_filepath_or_buffer;ValueError;sys
_infer_compression;ValueError;sys
_get_handle;ValueError;sys
_get_handle;ValueError;sys
_get_handle;ValueError;sys
_get_handle;ValueError;sys
__next__;StopIteration;sys
_validate_integer;ValueError;sys
_validate_integer;ValueError;sys
_make_parser_function;ValueError;sys
read_fwf;ValueError;sys
read_fwf;ValueError;sys
_get_options_with_defaults;ValueError;sys
_get_options_with_defaults;ValueError;sys
_check_file_or_buffer;ValueError;sys
_clean_options;ValueError;sys
_clean_options;ValueError;sys
_clean_options;ValueError;sys
_clean_options;TypeError;sys
_make_engine;ValueError;sys
_failover_to_python;AbstractMethodError;usr
read;ValueError;sys
get_chunk;StopIteration;sys
_validate_skipfooter_arg;ValueError;sys
_validate_skipfooter_arg;ValueError;sys
_validate_usecols_arg;ValueError;sys
_validate_parse_dates_arg;TypeError;sys
_validate_parse_dates_arg;TypeError;sys
__init__;ValueError;sys
__init__;ValueError;sys
__init__;ValueError;sys
__init__;ValueError;sys
_extract_multi_indexer_columns;ParserError;usr
_get_simple_index;ValueError;sys
_get_complex_date_index;ValueError;sys
__init__;ValueError;sys
__init__;ValueError;sys
read;NotImplementedError;sys
__init__;ValueError;sys
_make_reader;ValueError;sys
_infer_columns;ValueError;sys
_infer_columns;TypeError;sys
_infer_columns;ValueError;sys
_handle_usecols;ValueError;sys
_alert_malformed;ParserError;usr
_get_lines;StopIteration;sys
_make_date_converter;Exception;sys
_process_date_conversion;ValueError;sys
_process_date_conversion;ValueError;sys
__init__;TypeError;sys
__init__;TypeError;sys
detect_colspecs;EmptyDataError;usr
_validate_flavor_parameter;ValueError;sys
read_sql_table;NotImplementedError;sys
read_sql_table;ValueError;sys
to_sql;ValueError;sys
to_sql;NotImplementedError;sys
pandasSQL_builder;ImportError;sys
__init__;ValueError;sys
create;ValueError;sys
create;ValueError;sys
insert;ValueError;sys
_index_name;ValueError;sys
_sqlalchemy_type;ValueError;sys
read_sql;ValueError;sys
to_sql;ValueError;sys
to_sql;ValueError;sys
_get_valid_sqlite_name;ValueError;sys
_get_valid_sqlite_name;ValueError;sys
_sql_type_name;ValueError;sys
to_sql;ValueError;sys
_get_skiprows;TypeError;sys
_read;TypeError;sys
_text_getter;AbstractMethodError;usr
_parse_td;AbstractMethodError;usr
_parse_tables;AbstractMethodError;usr
_parse_tr;AbstractMethodError;usr
_parse_thead;AbstractMethodError;usr
_parse_tbody;AbstractMethodError;usr
_parse_tfoot;AbstractMethodError;usr
_build_doc;AbstractMethodError;usr
_parse_tables;ValueError;sys
_parse_tables;ValueError;sys
_setup_build_doc;ValueError;sys
_parse_tables;ValueError;sys
_build_doc;XMLSyntaxError;usr
_parser_dispatch;ValueError;sys
_parser_dispatch;ImportError;sys
_parser_dispatch;ImportError;sys
_parser_dispatch;ValueError;sys
_parser_dispatch;ImportError;sys
_validate_flavor;TypeError;sys
_validate_flavor;ValueError;sys
_validate_flavor;ValueError;sys
read_html;ValueError;sys
json_normalize;ValueError;sys
to_json;ValueError;sys
to_json;NotImplementedError;sys
_format_axes;AbstractMethodError;usr
_format_axes;ValueError;sys
_format_axes;ValueError;sys
_format_axes;ValueError;sys
__init__;ValueError;sys
__init__;NotImplementedError;sys
__init__;ValueError;sys
__init__;ValueError;sys
check_keys_split;ValueError;sys
_try_convert_types;AbstractMethodError;usr
_try_convert_dates;AbstractMethodError;usr
read_sas;ValueError;sys
read_sas;ValueError;sys
read_sas;ValueError;sys
_read_header;ValueError;sys
_read_header;ValueError;sys
_read_header;ValueError;sys
_read_header;TypeError;sys
_read_header;ValueError;sys
read;StopIteration;sys
_get_properties;ValueError;sys
_get_properties;ValueError;sys
__next__;StopIteration;sys
_read_float;ValueError;sys
_read_int;ValueError;sys
_read_bytes;ValueError;sys
_read_bytes;ValueError;sys
_parse_metadata;ValueError;sys
_get_subheader_index;ValueError;sys
_process_subheader;ValueError;sys
_read_next_page;ValueError;sys
_chunk_to_dataframe;ValueError;sys
_format_header_mi;NotImplementedError;sys
_format_header_regular;ValueError;sys
_mpl;ImportError;sys
__init__;TypeError;sys
__init__;ValueError;sys
_apply;TypeError;sys
_apply;ValueError;sys
_apply;ValueError;sys
bar;ValueError;sys
bar;ValueError;sys
_maybe_wrap_formatter;TypeError;sys
_to_str_columns;ValueError;sys
to_latex;TypeError;sys
to_html;TypeError;sys
write_result;AssertionError;sys
write_result;AssertionError;sys
__init__;TypeError;sys
_save_header;ValueError;sys
format_percentiles;ValueError;sys
__new__;TypeError;sys
__new__;TypeError;sys
__new__;ValueError;sys
init_no_clipboard;PyperclipException;usr
__call__;PyperclipWindowsException;usr
init_windows_clipboard;PyperclipWindowsException;usr
__init__;TypeError;sys
__init__;ValueError;sys
dot;ValueError;sys
dot;ValueError;sys
dot;TypeError;sys
from_dict;ValueError;sys
to_dict;ValueError;sys
from_items;ValueError;sys
from_items;TypeError;sys
from_items;ValueError;sys
to_panel;NotImplementedError;sys
to_panel;ValueError;sys
info;AssertionError;sys
_getitem_array;ValueError;sys
_getitem_frame;ValueError;sys
query;ValueError;sys
select_dtypes;TypeError;sys
select_dtypes;ValueError;sys
select_dtypes;ValueError;sys
_setitem_array;ValueError;sys
_setitem_array;ValueError;sys
_setitem_frame;TypeError;sys
lookup;ValueError;sys
lookup;KeyError;sys
lookup;KeyError;sys
set_index;ValueError;sys
reset_index;ValueError;sys
dropna;KeyError;sys
dropna;ValueError;sys
dropna;TypeError;sys
sort_values;ValueError;sys
sort_values;ValueError;sys
sort_values;ValueError;sys
sort_values;ValueError;sys
sort_index;ValueError;sys
reorder_levels;TypeError;sys
_combine_match_index;NotImplementedError;sys
_combine_match_columns;NotImplementedError;sys
_compare_frame;ValueError;sys
update;NotImplementedError;sys
update;ValueError;sys
_apply_standard;AssertionError;sys
_apply_broadcast;AssertionError;sys
append;TypeError;sys
_join_compat;ValueError;sys
_join_compat;ValueError;sys
round;ValueError;sys
round;TypeError;sys
_count_level;TypeError;sys
_reduce;NotImplementedError;sys
_get_agg_axis;ValueError;sys
to_timestamp;AssertionError;sys
to_period;AssertionError;sys
isin;ValueError;sys
isin;ValueError;sys
isin;TypeError;sys
extract_index;ValueError;sys
extract_index;ValueError;sys
extract_index;ValueError;sys
extract_index;ValueError;sys
_prep_ndarray;ValueError;sys
_convert_object_array;AssertionError;sys
_coerce_method;TypeError;sys
__init__;NotImplementedError;sys
__init__;ValueError;sys
__init__;TypeError;sys
name;TypeError;sys
__array_prepare__;TypeError;sys
_unpickle_series_compat;Exception;sys
_get_with;TypeError;sys
_get_values_tuple;ValueError;sys
_set_labels;ValueError;sys
reset_index;TypeError;sys
to_string;AssertionError;sys
dot;ValueError;sys
dot;Exception;sys
dot;TypeError;sys
_binop;AssertionError;sys
sort_values;ValueError;sys
sort_values;ValueError;sys
sort_values;ValueError;sys
sort_values;ValueError;sys
reorder_levels;Exception;sys
map;NotImplementedError;sys
_reduce;NotImplementedError;sys
reindex_axis;ValueError;sys
dropna;TypeError;sys
_make_cat_accessor;AttributeError;sys
_sanitize_index;ValueError;sys
_sanitize_array;Exception;sys
add_methods;TypeError;sys
_validate;TypeError;sys
_validate;TypeError;sys
_validate;TypeError;sys
_validate;TypeError;sys
_validate;TypeError;sys
_validate;ValueError;sys
_validate;TypeError;sys
_validate;TypeError;sys
_convert_to_array;TypeError;sys
_convert_to_array;TypeError;sys
_comp_method_SERIES;TypeError;sys
_comp_method_SERIES;TypeError;sys
_comp_method_SERIES;ValueError;sys
_comp_method_SERIES;ValueError;sys
_comp_method_SERIES;TypeError;sys
_comp_method_SERIES;TypeError;sys
_flex_method_SERIES;ValueError;sys
_align_method_FRAME;ValueError;sys
_align_method_FRAME;ValueError;sys
_align_method_FRAME;ValueError;sys
_align_method_FRAME;ValueError;sys
_arith_method_PANEL;ValueError;sys
_comp_method_PANEL;Exception;sys
__unicode__;AbstractMethodError;usr
__setattr__;AttributeError;sys
_delegate_property_get;TypeError;sys
_delegate_property_set;TypeError;sys
_delegate_method;TypeError;sys
__set__;AttributeError;sys
__delete__;AttributeError;sys
__getitem__;Exception;sys
__getitem__;KeyError;sys
__getitem__;KeyError;sys
__getitem__;KeyError;sys
_gotitem;AbstractMethodError;usr
aggregate;AbstractMethodError;usr
_try_aggregate_string_function;ValueError;sys
_aggregate;ValueError;sys
_aggregate;SpecificationError;usr
_aggregate;SpecificationError;usr
_aggregate_multiple_funcs;NotImplementedError;sys
_aggregate_multiple_funcs;ValueError;sys
_reduce;TypeError;sys
_update_inplace;AbstractMethodError;usr
_set_grouper;ValueError;sys
_set_grouper;KeyError;sys
_set_grouper;ValueError;sys
__init__;TypeError;sys
__init__;ValueError;sys
_get_indices;ValueError;sys
__getattr__;AttributeError;sys
_make_wrapper;AttributeError;sys
get_group;KeyError;sys
apply;ValueError;sys
transform;AbstractMethodError;usr
_cython_transform;DataError;usr
_cython_agg_general;DataError;usr
_wrap_applied_output;AbstractMethodError;usr
count;NotImplementedError;sys
nth;ValueError;sys
nth;TypeError;sys
nth;ValueError;sys
groupby;TypeError;sys
_get_cython_function;NotImplementedError;sys
_cython_operation;NotImplementedError;sys
_cython_operation;NotImplementedError;sys
_cython_operation;NotImplementedError;sys
_cython_operation;NotImplementedError;sys
_aggregate;NotImplementedError;sys
_transform;NotImplementedError;sys
_aggregate_series_fast;TypeError;sys
_aggregate_series_pure_python;ValueError;sys
generate_bins_generic;ValueError;sys
generate_bins_generic;ValueError;sys
generate_bins_generic;ValueError;sys
__init__;AssertionError;sys
__init__;ValueError;sys
__init__;AssertionError;sys
_get_grouper;ValueError;sys
_get_grouper;ValueError;sys
_get_grouper;ValueError;sys
_get_grouper;ValueError;sys
_get_grouper;KeyError;sys
_get_grouper;ValueError;sys
_get_grouper;ValueError;sys
_convert_grouper;ValueError;sys
_aggregate_multiple_funcs;SpecificationError;usr
_aggregate_named;Exception;sys
_cython_agg_blocks;DataError;usr
_aggregate_generic;AssertionError;sys
_wrap_aggregated_output;AbstractMethodError;usr
_aggregate_item_by_item;errors;usr
_transform_item_by_item;TypeError;sys
filter;TypeError;sys
_gotitem;AssertionError;sys
_iterate_slices;NotImplementedError;sys
_aggregate_item_by_item;ValueError;sys
_wrap_aggregated_output;AbstractMethodError;usr
apply;AbstractMethodError;usr
clean_fill_method;ValueError;sys
clean_interp_method;ValueError;sys
clean_interp_method;ValueError;sys
interpolate_1d;ValueError;sys
interpolate_1d;ValueError;sys
interpolate_1d;ValueError;sys
interpolate_1d;ValueError;sys
_interpolate_scipy_wrapper;ValueError;sys
interpolate_2d;AssertionError;sys
pad_1d;ValueError;sys
backfill_1d;ValueError;sys
pad_2d;ValueError;sys
backfill_2d;ValueError;sys
__init__;ValueError;sys
__init__;ValueError;sys
is_categorical_astype;TypeError;sys
getitem_block;ValueError;sys
reindex_axis;AssertionError;sys
fillna;ValueError;sys
fillna;ValueError;sys
fillna;NotImplementedError;sys
downcast;ValueError;sys
downcast;AssertionError;sys
_astype;ValueError;sys
_astype;TypeError;sys
_can_hold_element;NotImplementedError;sys
_try_cast;NotImplementedError;sys
setitem;ValueError;sys
setitem;ValueError;sys
interpolate;ValueError;sys
_interpolate;ValueError;sys
eval;ValueError;sys
eval;TypeError;sys
eval;ValueError;sys
eval;TypeError;sys
where;ValueError;sys
quantile;ValueError;sys
__init__;TypeError;sys
iget;IndexError;sys
iget;IndexError;sys
_try_coerce_args;TypeError;sys
convert;NotImplementedError;sys
_replace_single;AssertionError;sys
fillna;NotImplementedError;sys
_try_coerce_args;TypeError;sys
_try_coerce_args;TypeError;sys
__init__;ValueError;sys
_slice;IndexError;sys
_try_coerce_args;TypeError;sys
_try_coerce_args;ValueError;sys
_try_coerce_args;ValueError;sys
make_block_same_class;ValueError;sys
fillna;NotImplementedError;sys
reindex_axis;AssertionError;sys
__init__;AssertionError;sys
__init__;AssertionError;sys
set_axis;ValueError;sys
_rebuild_blknos_and_blklocs;AssertionError;sys
_verify_integrity;AssertionError;sys
get_slice;IndexError;sys
_interleave;AssertionError;sys
xs;AssertionError;sys
get;ValueError;sys
get;TypeError;sys
set;AssertionError;sys
insert;ValueError;sys
insert;TypeError;sys
reindex_indexer;IndexError;sys
take;Exception;sys
merge;AssertionError;sys
_is_indexed_like;AssertionError;sys
__init__;ValueError;sys
__init__;ValueError;sys
__init__;ValueError;sys
get_slice;IndexError;sys
construction_error;e;usr
construction_error;ValueError;sys
construction_error;ValueError;sys
_merge_blocks;AssertionError;sys
_maybe_compare;TypeError;sys
items_overlap_with_suffix;ValueError;sys
_putmask_smart;ValueError;sys
get_empty_dtype_and_na;AssertionError;sys
concatenate_join_units;AssertionError;sys
combine_concat_plans;ValueError;sys
dtype;AssertionError;sys
validate;ValueError;sys
validate;ValueError;sys
validate;ValueError;sys
__getattr__;AttributeError;sys
_prep_values;NotImplementedError;sys
_center_window;ValueError;sys
validate;ValueError;sys
validate;ValueError;sys
validate;ValueError;sys
validate;ValueError;sys
_prep_window;ValueError;sys
_apply;ValueError;sys
_on;ValueError;sys
validate;NotImplementedError;sys
validate;ValueError;sys
validate;ValueError;sys
validate;ValueError;sys
_validate_monotonic;ValueError;sys
_apply;ValueError;sys
_flex_binary_moment;TypeError;sys
_flex_binary_moment;ValueError;sys
_flex_binary_moment;ValueError;sys
_flex_binary_moment;ValueError;sys
_get_center_of_mass;ValueError;sys
_get_center_of_mass;ValueError;sys
_get_center_of_mass;ValueError;sys
_get_center_of_mass;ValueError;sys
_get_center_of_mass;ValueError;sys
_get_center_of_mass;ValueError;sys
_prep_binary;Exception;sys
rolling;TypeError;sys
expanding;TypeError;sys
ewm;TypeError;sys
__call__;TypeError;sys
_wrap_results;ValueError;sys
nancorr;AssertionError;sys
nancov;AssertionError;sys
_init_data;TypeError;sys
_init_data;ValueError;sys
from_dict;ValueError;sys
_compare_constructor;Exception;sys
to_sparse;NotImplementedError;sys
get_value;TypeError;sys
get_value;TypeError;sys
set_value;TypeError;sys
set_value;TypeError;sys
__setitem__;ValueError;sys
__setitem__;TypeError;sys
head;NotImplementedError;sys
tail;NotImplementedError;sys
round;TypeError;sys
align;NotImplementedError;sys
_combine;NotImplementedError;sys
_reduce;NotImplementedError;sys
_construct_return_type;ValueError;sys
transpose;TypeError;sys
join;ValueError;sys
join;ValueError;sys
_prep_ndarray;ValueError;sys
_extract_axis;ValueError;sys
_extract_axis;AssertionError;sys
_get_single_key;OptionError;usr
_get_single_key;OptionError;usr
_set_option;ValueError;sys
_set_option;TypeError;sys
_describe_option;OptionError;usr
_reset_option;OptionError;usr
_reset_option;ValueError;sys
__setattr__;OptionError;usr
__init__;ValueError;sys
register_option;OptionError;usr
register_option;OptionError;usr
register_option;ValueError;sys
register_option;ValueError;sys
register_option;OptionError;usr
register_option;OptionError;usr
deprecate_option;OptionError;usr
is_type_factory;ValueError;sys
is_instance_factory;ValueError;sys
is_one_of_factory;ValueError;sys
is_callable;ValueError;sys
_cat_compare_op;TypeError;sys
_cat_compare_op;TypeError;sys
_cat_compare_op;TypeError;sys
_cat_compare_op;TypeError;sys
_cat_compare_op;TypeError;sys
_cat_compare_op;TypeError;sys
_cat_compare_op;TypeError;sys
from_codes;ValueError;sys
_set_codes;ValueError;sys
_validate_ordered;TypeError;sys
_validate_categories;ValueError;sys
_validate_categories;ValueError;sys
_set_categories;ValueError;sys
reorder_categories;ValueError;sys
add_categories;ValueError;sys
remove_categories;ValueError;sys
shift;NotImplementedError;sys
__setstate__;Exception;sys
searchsorted;ValueError;sys
searchsorted;ValueError;sys
put;NotImplementedError;sys
check_for_ordered;TypeError;sys
sort_values;ValueError;sys
fillna;NotImplementedError;sys
fillna;ValueError;sys
_slice;AssertionError;sys
__setitem__;ValueError;sys
__setitem__;ValueError;sys
__setitem__;AssertionError;sys
__setitem__;AssertionError;sys
_reduce;TypeError;sys
_factorize_from_iterable;TypeError;sys
_get_info_slice;TypeError;sys
is_bool_indexer;ValueError;sys
_mut_exclusive;TypeError;sys
_random_state;ValueError;sys
_single_replace;TypeError;sys
_validate_dtype;NotImplementedError;sys
_constructor;AbstractMethodError;usr
_constructor_sliced;AbstractMethodError;usr
_constructor_expanddim;NotImplementedError;sys
_construct_axes_from_arguments;TypeError;sys
_get_axis_number;ValueError;sys
_get_axis_name;ValueError;sys
transpose;ValueError;sys
rename;TypeError;sys
rename;TypeError;sys
__hash__;TypeError;sys
__nonzero__;ValueError;sys
bool;ValueError;sys
_box_item_values;AbstractMethodError;usr
_check_setitem_copy;SettingWithCopyError;usr
drop;AssertionError;sys
drop;AssertionError;sys
sort_values;AbstractMethodError;usr
sort_index;NotImplementedError;sys
sort_index;NotImplementedError;sys
reindex;TypeError;sys
filter;TypeError;sys
filter;TypeError;sys
sample;ValueError;sys
sample;ValueError;sys
sample;ValueError;sys
sample;ValueError;sys
sample;ValueError;sys
sample;ValueError;sys
sample;ValueError;sys
sample;ValueError;sys
sample;ValueError;sys
pipe;ValueError;sys
_check_inplace_setting;TypeError;sys
astype;KeyError;sys
astype;NotImplementedError;sys
astype;KeyError;sys
fillna;TypeError;sys
fillna;ValueError;sys
fillna;NotImplementedError;sys
fillna;NotImplementedError;sys
fillna;ValueError;sys
fillna;ValueError;sys
fillna;NotImplementedError;sys
fillna;ValueError;sys
replace;AssertionError;sys
replace;TypeError;sys
replace;TypeError;sys
replace;ValueError;sys
replace;TypeError;sys
replace;ValueError;sys
replace;TypeError;sys
replace;TypeError;sys
interpolate;NotImplementedError;sys
interpolate;ValueError;sys
interpolate;TypeError;sys
interpolate;NotImplementedError;sys
asof;ValueError;sys
asof;ValueError;sys
asof;NotImplementedError;sys
_clip_with_scalar;ValueError;sys
clip;NotImplementedError;sys
clip_upper;ValueError;sys
clip_lower;ValueError;sys
groupby;TypeError;sys
first;NotImplementedError;sys
last;NotImplementedError;sys
rank;NotImplementedError;sys
align;TypeError;sys
_align_series;ValueError;sys
_align_series;ValueError;sys
_where;ValueError;sys
_where;ValueError;sys
_where;ValueError;sys
_where;InvalidIndexError;usr
_where;NotImplemented;usr
_where;ValueError;sys
_where;ValueError;sys
tshift;ValueError;sys
tshift;ValueError;sys
truncate;ValueError;sys
tz_convert;TypeError;sys
tz_convert;ValueError;sys
tz_localize;TypeError;sys
tz_localize;ValueError;sys
describe;NotImplementedError;sys
describe;ValueError;sys
describe;ValueError;sys
describe;ValueError;sys
_check_percentile;ValueError;sys
_check_percentile;ValueError;sys
_add_series_or_dataframe_operations;ValueError;sys
_make_logical_function;NotImplementedError;sys
decons_group_index;ValueError;sys
lexsort_indexer;ValueError;sys
nargsort;ValueError;sys
__iter__;NotImplementedError;sys
_get_label;IndexingError;usr
_has_valid_type;NotImplementedError;sys
_has_valid_tuple;IndexingError;usr
_has_valid_tuple;ValueError;sys
_convert_tuple;IndexingError;usr
_has_valid_positional_setitem_indexer;IndexError;sys
_has_valid_positional_setitem_indexer;IndexError;sys
_has_valid_positional_setitem_indexer;IndexError;sys
_setitem_with_indexer;ValueError;sys
_setitem_with_indexer;ValueError;sys
_setitem_with_indexer;ValueError;sys
_setitem_with_indexer;ValueError;sys
_setitem_with_indexer;ValueError;sys
_setitem_with_indexer;ValueError;sys
_align_series;ValueError;sys
_align_frame;TypeError;sys
_align_frame;ValueError;sys
_align_panel;NotImplementedError;sys
_getitem_tuple;IndexingError;usr
_getitem_lowerdim;IndexingError;usr
_getitem_lowerdim;IndexingError;usr
_getitem_axis;ValueError;sys
_getitem_iterable;AssertionError;sys
_convert_to_indexer;ValueError;sys
_convert_to_indexer;KeyError;sys
_is_scalar_access;NotImplementedError;sys
_getitem_scalar;NotImplementedError;sys
_getitem_axis;NotImplementedError;sys
_has_valid_type;KeyError;sys
_has_valid_type;TypeError;sys
_has_valid_type;KeyError;sys
_getitem_axis;NotImplementedError;sys
_getitem_axis;NotImplementedError;sys
_getitem_axis;ValueError;sys
_has_valid_type;NotImplementedError;sys
_has_valid_type;ValueError;sys
_is_valid_integer;IndexError;sys
_is_valid_list_like;IndexingError;usr
_is_valid_list_like;IndexError;sys
_getitem_tuple;IndexingError;usr
_getitem_axis;TypeError;sys
_convert_to_indexer;ValueError;sys
__getitem__;ValueError;sys
__setitem__;ValueError;sys
_convert_key;ValueError;sys
_convert_key;ValueError;sys
_convert_key;ValueError;sys
length_of_indexer;AssertionError;sys
check_bool_indexer;IndexingError;usr
convert_missing_indexer;KeyError;sys
maybe_convert_indices;IndexError;sys
create_nd_panel_factory;Exception;sys
create_nd_panel_factory;NotImplementedError;sys
mpl_style_cb;Exception;sys
isin;TypeError;sys
isin;TypeError;sys
safe_sort;TypeError;sys
safe_sort;TypeError;sys
safe_sort;ValueError;sys
rank;TypeError;sys
checked_add_with_arr;OverflowError;sys
quantile;ValueError;sys
__init__;ValueError;sys
compute;TypeError;sys
compute;TypeError;sys
take_nd;TypeError;sys
take_2d_multi;TypeError;sys
_length_check;ValueError;sys
str_replace;TypeError;sys
str_replace;ValueError;sys
str_match;ValueError;sys
_groups_or_na_fun;ValueError;sys
_str_extract_noexpand;ValueError;sys
str_extract;ValueError;sys
str_extractall;ValueError;sys
str_find;TypeError;sys
str_find;ValueError;sys
str_index;TypeError;sys
str_index;ValueError;sys
str_pad;TypeError;sys
str_pad;TypeError;sys
str_pad;TypeError;sys
str_pad;ValueError;sys
str_strip;ValueError;sys
str_translate;ValueError;sys
_noarg_wrapper;ValueError;sys
_wrap_result;ValueError;sys
_make_str_accessor;AttributeError;sys
_make_str_accessor;AttributeError;sys
_make_str_accessor;AttributeError;sys
__getattr__;ValueError;sys
__getattr__;AttributeError;sys
__setattr__;ValueError;sys
__setitem__;ValueError;sys
_get_binner_for_time;AbstractMethodError;usr
_downsample;AbstractMethodError;usr
_upsample;AbstractMethodError;usr
_upsample;AssertionError;sys
_upsample;ValueError;sys
_convert_obj;NotImplementedError;sys
_downsample;IncompatibleFrequency;usr
_upsample;ValueError;sys
_get_resampler;TypeError;sys
_get_time_bins;TypeError;sys
_get_time_delta_bins;TypeError;sys
_get_time_period_bins;TypeError;sys
_take_new_index;NotImplementedError;sys
_take_new_index;ValueError;sys
asfreq;NotImplementedError;sys
_resolve_name;NotImplementedError;sys
_disallow_scalar_only_bool_ops;NotImplementedError;sys
__init__;TypeError;sys
__init__;ValueError;sys
_bool_arith_check;NotImplementedError;sys
_resolve_name;NameError;sys
convert_value;TypeError;sys
evaluate;ValueError;sys
evaluate;TypeError;sys
format;NotImplementedError;sys
invert;NotImplementedError;sys
evaluate;ValueError;sys
prune;NotImplementedError;sys
visit_UnaryOp;NotImplementedError;sys
visit_Attribute;ValueError;sys
_validate_where;TypeError;sys
_check_engine;KeyError;sys
_check_engine;ImportError;sys
_check_parser;KeyError;sys
_check_resolvers;TypeError;sys
_check_expression;ValueError;sys
_check_for_locals;SyntaxError;sys
eval;ValueError;sys
eval;ValueError;sys
_node_not_implemented;NotImplementedError;sys
visit_Module;SyntaxError;sys
_maybe_evaluate_binop;TypeError;sys
visit_Assign;SyntaxError;sys
visit_Assign;SyntaxError;sys
visit_Assign;ValueError;sys
visit_Assign;SyntaxError;sys
visit_Attribute;ValueError;sys
visit_Call_35;TypeError;sys
visit_Call_35;ValueError;sys
visit_Call_35;TypeError;sys
visit_Call_35;ValueError;sys
visit_Call_legacy;TypeError;sys
visit_Call_legacy;ValueError;sys
visit_Call_legacy;TypeError;sys
visit_Call_legacy;ValueError;sys
_check_ne_builtin_clash;NumExprClobberingError;usr
__init__;Exception;sys
_prep_index;ValueError;sys
_prep_index;ValueError;sys
_sanitize_column;AssertionError;sys
_sanitize_column;AssertionError;sys
_combine_frame;NotImplementedError;sys
_combine_match_index;NotImplementedError;sys
_combine_match_index;NotImplementedError;sys
_combine_match_columns;NotImplementedError;sys
_combine_match_columns;NotImplementedError;sys
_reindex_index;TypeError;sys
_reindex_columns;TypeError;sys
_reindex_columns;NotImplementedError;sys
_reindex_columns;NotImplementedError;sys
_reindex_columns;NotImplementedError;sys
_reindex_with_indexers;NotImplementedError;sys
_join_compat;NotImplementedError;sys
_join_index;ValueError;sys
_maybe_rename_join;ValueError;sys
stack_sparse_frame;TypeError;sys
homogenize;TypeError;sys
_arith_method;AssertionError;sys
_arith_method;TypeError;sys
__new__;Exception;sys
__new__;AssertionError;sys
_simple_new;ValueError;sys
_simple_new;ValueError;sys
disable;NotImplementedError;sys
fill_value;ValueError;sys
fill_value;ValueError;sys
_get_val_at;IndexError;sys
take;ValueError;sys
take;ValueError;sys
take;IndexError;sys
take;IndexError;sys
__setitem__;TypeError;sys
__setslice__;TypeError;sys
fillna;NotImplementedError;sys
cumsum;ValueError;sys
make_sparse;TypeError;sys
_make_index;ValueError;sys
__getitem__;ValueError;sys
__setitem__;NotImplementedError;sys
_arith_method;TypeError;sys
sparse_reindex;TypeError;sys
dropna;NotImplementedError;sys
_check_is_partition;ValueError;sys
_check_is_partition;ValueError;sys
_sparse_series_to_coo;ValueError;sys
_sparse_series_to_coo;ValueError;sys
cut;ValueError;sys
cut;ValueError;sys
cut;ValueError;sys
_bins_to_cuts;ValueError;sys
_bins_to_cuts;ValueError;sys
_bins_to_cuts;ValueError;sys
_convert_bin_to_numeric_type;ValueError;sys
_convert_bin_to_numeric_type;ValueError;sys
__init__;TypeError;sys
__init__;ValueError;sys
__init__;ValueError;sys
__init__;ValueError;sys
__init__;TypeError;sys
__init__;AssertionError;sys
__init__;ValueError;sys
_get_new_axes;AssertionError;sys
_get_concat_axis;TypeError;sys
_maybe_check_integrity;ValueError;sys
_make_concat_multiindex;AssertionError;sys
_make_concat_multiindex;ValueError;sys
cartesian_product;TypeError;sys
cartesian_product;TypeError;sys
__init__;ValueError;sys
__init__;ValueError;sys
_make_selectors;ValueError;sys
pivot_simple;AssertionError;sys
stack;ValueError;sys
stack_multiple;ValueError;sys
melt;ValueError;sys
melt;ValueError;sys
lreshape;ValueError;sys
wide_to_long;ValueError;sys
wide_to_long;ValueError;sys
get_dummies;ValueError;sys
merge_ordered;ValueError;sys
__init__;ValueError;sys
__init__;ValueError;sys
__init__;ValueError;sys
__init__;ValueError;sys
__init__;ValueError;sys
_indicator_pre_merge;ValueError;sys
_indicator_pre_merge;ValueError;sys
_validate_specification;MergeError;usr
_validate_specification;MergeError;usr
_validate_specification;MergeError;usr
_validate_specification;MergeError;usr
_validate_specification;MergeError;usr
_validate_specification;ValueError;sys
_validate_specification;ValueError;sys
_validate_specification;ValueError;sys
_get_cython_type;MergeError;usr
_validate_specification;MergeError;usr
_validate_specification;MergeError;usr
_validate_specification;MergeError;usr
_validate_specification;MergeError;usr
_validate_specification;MergeError;usr
_validate_specification;MergeError;usr
_validate_specification;MergeError;usr
_validate_specification;MergeError;usr
_validate_specification;MergeError;usr
_get_merge_keys;MergeError;usr
_get_merge_keys;MergeError;usr
_get_merge_keys;MergeError;usr
_get_merge_keys;MergeError;usr
_get_merge_keys;MergeError;usr
_get_merge_keys;MergeError;usr
_get_merge_keys;MergeError;usr
_get_join_indexers;ValueError;sys
_get_join_indexers;ValueError;sys
_left_join_on_index;AssertionError;sys
pivot_table;KeyError;sys
_add_margins;ValueError;sys
_add_margins;ValueError;sys
_add_margins;ValueError;sys
crosstab;ValueError;sys
crosstab;ValueError;sys
_normalize;ValueError;sys
_normalize;ValueError;sys
_get_names;AssertionError;sys
_isnull_new;NotImplementedError;sys
_isnull_old;NotImplementedError;sys
__hash__;NotImplementedError;sys
__eq__;NotImplementedError;sys
construct_from_string;TypeError;sys
__new__;ValueError;sys
__new__;ValueError;sys
_parse_dtype_strict;ValueError;sys
construct_from_string;TypeError;sys
construct_from_string;TypeError;sys
union_categoricals;ValueError;sys
union_categoricals;TypeError;sys
union_categoricals;TypeError;sys
union_categoricals;TypeError;sys
union_categoricals;TypeError;sys
union_categoricals;TypeError;sys
_concat_datetime;NotImplementedError;sys
_concat_datetimetz;ValueError;sys
_get_dtype;TypeError;sys
_get_dtype_from_object;NotImplementedError;sys
_validate_date_like_dtype;ValueError;sys
pandas_dtype;TypeError;sys
infer_dtype_from_scalar;ValueError;sys
maybe_cast_item;ValueError;sys
invalidate_string_dtypes;TypeError;sys
coerce_to_dtypes;AssertionError;sys
astype_nansafe;TypeError;sys
astype_nansafe;TypeError;sys
astype_nansafe;ValueError;sys
soft_convert_objects;ValueError;sys
soft_convert_objects;ValueError;sys
maybe_cast_to_datetime;TypeError;sys
maybe_cast_to_datetime;TypeError;sys
maybe_cast_to_datetime;TypeError;sys
find_common_type;ValueError;sys
maybe_to_datetimelike;TypeError;sys
maybe_to_datetimelike;TypeError;sys
_delegate_property_set;ValueError;sys
_is_dtype_compat;TypeError;sys
_is_dtype_compat;TypeError;sys
get_loc;KeyError;sys
reindex;NotImplementedError;sys
reindex;NotImplementedError;sys
reindex;NotImplementedError;sys
reindex;ValueError;sys
get_indexer;NotImplementedError;sys
get_indexer;NotImplementedError;sys
_convert_list_indexer;KeyError;sys
insert;TypeError;sys
_add_comparison_methods;ValueError;sys
_add_comparison_methods;TypeError;sys
_delegate_method;ValueError;sys
__new__;ValueError;sys
_update_inplace;TypeError;sys
_try_convert_to_int_index;ValueError;sys
_scalar_data_error;TypeError;sys
_string_data_error;TypeError;sys
_validate_names;TypeError;sys
_validate_names;TypeError;sys
_assert_can_do_setop;TypeError;sys
_assert_can_do_op;TypeError;sys
_set_names;ValueError;sys
set_names;ValueError;sys
set_names;TypeError;sys
set_names;TypeError;sys
reshape;NotImplementedError;sys
_invalid_indexer;TypeError;sys
_validate_index_level;IndexError;sys
_validate_index_level;IndexError;sys
_validate_index_level;KeyError;sys
__setstate__;Exception;sys
__nonzero__;ValueError;sys
__hash__;TypeError;sys
__setitem__;TypeError;sys
append;TypeError;sys
take;ValueError;sys
_assert_take_fillable;ValueError;sys
sort;TypeError;sys
shift;NotImplementedError;sys
__sub__;TypeError;sys
get_loc;ValueError;sys
get_loc;TypeError;sys
get_loc;KeyError;sys
get_indexer;InvalidIndexError;usr
get_indexer;ValueError;sys
get_indexer;ValueError;sys
_get_fill_indexer_searchsorted;ValueError;sys
_can_reindex;ValueError;sys
reindex;TypeError;sys
reindex;ValueError;sys
_join_multi;ValueError;sys
_join_multi;NotImplementedError;sys
_join_multi;NotImplementedError;sys
_join_level;TypeError;sys
_join_level;NotImplementedError;sys
_get_string_slice;NotImplementedError;sys
slice_indexer;AssertionError;sys
slice_indexer;AssertionError;sys
_searchsorted_monotonic;ValueError;sys
get_slice_bound;ValueError;sys
get_slice_bound;KeyError;sys
drop;ValueError;sys
dropna;ValueError;sys
_evaluate_with_timedelta_like;TypeError;sys
_evaluate_with_datetime_like;TypeError;sys
_evalute_compare;AbstractMethodError;usr
_add_comparison_methods;ValueError;sys
_add_numeric_methods_add_sub_disabled;TypeError;sys
_add_numeric_methods_disabled;TypeError;sys
_validate_for_numeric_unaryop;TypeError;sys
_validate_for_numeric_binop;TypeError;sys
_validate_for_numeric_binop;TypeError;sys
_validate_for_numeric_binop;ValueError;sys
_validate_for_numeric_binop;TypeError;sys
_validate_for_numeric_binop;TypeError;sys
_add_logical_methods_disabled;TypeError;sys
_validate_join_method;ValueError;sys
__new__;TypeError;sys
__new__;ValueError;sys
__new__;ValueError;sys
_verify_integrity;ValueError;sys
_verify_integrity;ValueError;sys
_verify_integrity;ValueError;sys
_set_levels;ValueError;sys
_set_levels;ValueError;sys
_set_levels;ValueError;sys
set_levels;TypeError;sys
set_levels;TypeError;sys
set_levels;TypeError;sys
_set_labels;ValueError;sys
_set_labels;ValueError;sys
set_labels;TypeError;sys
set_labels;TypeError;sys
set_labels;TypeError;sys
_set_names;ValueError;sys
_set_names;ValueError;sys
_set_names;ValueError;sys
_get_level_number;ValueError;sys
_hashed_indexing_key;KeyError;sys
fillna;NotImplementedError;sys
dropna;ValueError;sys
from_arrays;ValueError;sys
from_tuples;TypeError;sys
_assert_take_fillable;ValueError;sys
where;NotImplementedError;sys
drop;ValueError;sys
drop;AssertionError;sys
reorder_levels;AssertionError;sys
sortlevel;ValueError;sys
_convert_listlike_indexer;KeyError;sys
get_indexer;Exception;sys
get_indexer;NotImplementedError;sys
get_indexer;NotImplementedError;sys
reindex;TypeError;sys
reindex;Exception;sys
_partial_tup_index;UnsortedIndexError;usr
_partial_tup_index;TypeError;sys
get_loc;NotImplementedError;sys
get_loc;KeyError;sys
get_loc;KeyError;sys
get_loc;KeyError;sys
get_loc_level;AssertionError;sys
get_loc_level;TypeError;sys
get_locs;UnsortedIndexError;usr
get_locs;ValueError;sys
truncate;ValueError;sys
astype;TypeError;sys
insert;ValueError;sys
_ensure_datetime64;TypeError;sys
__new__;ValueError;sys
__new__;ValueError;sys
__new__;ValueError;sys
__new__;ValueError;sys
__new__;TypeError;sys
__new__;TypeError;sys
__new__;ValueError;sys
__new__;ValueError;sys
_generate;ValueError;sys
_generate;ValueError;sys
_generate;ValueError;sys
_generate;AssertionError;sys
_convert_for_op;ValueError;sys
_cached_range;TypeError;sys
_cached_range;TypeError;sys
_cached_range;TypeError;sys
_cached_range;AssertionError;sys
_cached_range;AssertionError;sys
__setstate__;Exception;sys
_add_datelike;TypeError;sys
_sub_datelike;TypeError;sys
_sub_datelike;TypeError;sys
_sub_datelike;TypeError;sys
_sub_datelike_dti;ValueError;sys
astype;ValueError;sys
to_period;ValueError;sys
_maybe_utc_convert;TypeError;sys
_maybe_utc_convert;TypeError;sys
_wrap_union_result;ValueError;sys
_parsed_string_to_bounds;KeyError;sys
_partial_date_slice;KeyError;sys
_partial_date_slice;KeyError;sys
_partial_date_slice;KeyError;sys
get_loc;NotImplementedError;sys
slice_indexer;ValueError;sys
slice_indexer;KeyError;sys
insert;ValueError;sys
tz_convert;TypeError;sys
tz_localize;TypeError;sys
indexer_at_time;NotImplementedError;sys
indexer_at_time;NotImplementedError;sys
_generate_regular_range;ValueError;sys
_union_indexes;AssertionError;sys
__new__;TypeError;sys
__new__;TypeError;sys
__new__;ValueError;sys
from_range;TypeError;sys
_validate_dtype;TypeError;sys
__getitem__;IndexError;sys
_add_numeric_methods_binary;ValueError;sys
_assert_safe_casting;TypeError;sys
_assert_safe_casting;TypeError;sys
astype;ValueError;sys
astype;TypeError;sys
get_value;InvalidIndexError;usr
dt64arr_to_periodarr;ValueError;sys
_period_index_cmp;IncompatibleFrequency;usr
_period_index_cmp;IncompatibleFrequency;usr
__new__;ValueError;sys
__new__;ValueError;sys
__new__;IncompatibleFrequency;usr
__new__;TypeError;sys
_generate_range;ValueError;sys
_generate_range;ValueError;sys
_simple_new;TypeError;sys
_from_ordinals;ValueError;sys
__array_wrap__;ValueError;sys
astype;ValueError;sys
searchsorted;IncompatibleFrequency;usr
is_full;ValueError;sys
_maybe_convert_timedelta;IncompatibleFrequency;usr
_maybe_convert_timedelta;IncompatibleFrequency;usr
_sub_period;IncompatibleFrequency;usr
get_value;KeyError;sys
get_value;KeyError;sys
get_indexer;IncompatibleFrequency;usr
_parsed_string_to_bounds;KeyError;sys
_get_string_slice;ValueError;sys
_get_string_slice;KeyError;sys
_assert_can_do_setop;ValueError;sys
_assert_can_do_setop;IncompatibleFrequency;usr
__setstate__;Exception;sys
tz_convert;NotImplementedError;sys
tz_localize;NotImplementedError;sys
_get_ordinal_range;ValueError;sys
_get_ordinal_range;ValueError;sys
_get_ordinal_range;ValueError;sys
_get_ordinal_range;ValueError;sys
_range_from_fields;AssertionError;sys
_make_field_arrays;ValueError;sys
_box_func;AbstractMethodError;usr
__getitem__;ValueError;sys
map;TypeError;sys
_formatter_func;AbstractMethodError;usr
_add_datelike;AbstractMethodError;usr
_sub_datelike;AbstractMethodError;usr
_add_datetimelike_methods;TypeError;sys
_add_datetimelike_methods;TypeError;sys
_add_datetimelike_methods;TypeError;sys
_add_datetimelike_methods;TypeError;sys
_add_delta_tdi;ValueError;sys
shift;ValueError;sys
_td_index_cmp;TypeError;sys
__new__;ValueError;sys
__new__;ValueError;sys
__new__;ValueError;sys
__new__;ValueError;sys
_generate;ValueError;sys
_generate;ValueError;sys
_generate;ValueError;sys
__setstate__;Exception;sys
_add_delta;ValueError;sys
_evaluate_with_timedelta_like;NotImplementedError;sys
_sub_datelike;TypeError;sys
astype;ValueError;sys
get_loc;TypeError;sys
_partial_td_slice;NotImplementedError;sys
_generate_regular_range;ValueError;sys
_get_next_label;TypeError;sys
_get_prev_label;TypeError;sys
_simple_new;ValueError;sys
_simple_new;ValueError;sys
_validate;ValueError;sys
_validate;ValueError;sys
_validate;ValueError;sys
_validate;ValueError;sys
astype;ValueError;sys
_convert_list_indexer;KeyError;sys
_check_method;NotImplementedError;sys
_check_method;ValueError;sys
_searchsorted_monotonic;KeyError;sys
_searchsorted_monotonic;NotImplementedError;sys
_get_loc_only_exact_matches;ValueError;sys
_get_loc_only_exact_matches;KeyError;sys
_find_non_overlapping_monotonic_bounds;NotImplementedError;sys
get_loc;KeyError;sys
get_value;ValueError;sys
get_indexer;ValueError;sys
insert;ValueError;sys
insert;ValueError;sys
_as_like_interval_index;ValueError;sys
_append_same_dtype;ValueError;sys
interval_range;ValueError;sys
interval_range;ValueError;sys
interval_range;ValueError;sys
interval_range;ValueError;sys
_disabled;TypeError;sys
_disabled;TypeError;sys
hash_pandas_object;TypeError;sys
hash_tuples;TypeError;sys
hash_array;TypeError;sys
_infer_tzinfo;AssertionError;sys
to_datetime;ValueError;sys
to_datetime;TypeError;sys
to_datetime;ValueError;sys
to_datetime;OutOfBoundsDatetime;usr
to_datetime;ValueError;sys
_assemble_from_unit_mappings;ValueError;sys
_assemble_from_unit_mappings;ValueError;sys
_assemble_from_unit_mappings;ValueError;sys
to_time;TypeError;sys
to_time;ValueError;sys
ole2datetime;ValueError;sys
to_numeric;ValueError;sys
to_numeric;TypeError;sys
to_timedelta;ValueError;sys
to_timedelta;TypeError;sys
deprecate_kwarg;TypeError;sys
deprecate_kwarg;TypeError;sys
__init__;AssertionError;sys
_check_isinstance;AssertionError;sys
_check_isinstance;AssertionError;sys
check_output;ValueError;sys
check_output;CalledProcessError;usr
ensure_clean;ValueError;sys
raise_assert_detail;AssertionError;sys
assert_numpy_array_equal;AssertionError;sys
assert_numpy_array_equal;AssertionError;sys
assert_numpy_array_equal;AssertionError;sys
assert_series_equal;AssertionError;sys
makeCustomIndex;ValueError;sys
__exit__;AssertionError;sys
test;ImportError;sys
_check_arg_length;ValueError;sys
_check_arg_length;TypeError;sys
_check_for_default_values;ValueError;sys
_check_for_default_values;ValueError;sys
_check_for_invalid_keys;TypeError;sys
validate_args_and_kwargs;TypeError;sys
validate_bool_kwarg;ValueError;sys
get_stride_from_decimal;ValueError;sys
get_freq_group;ValueError;sys
to_offset;ValueError;sys
to_offset;ValueError;sys
to_offset;ValueError;sys
_base_and_stride;ValueError;sys
infer_freq;TypeError;sys
infer_freq;TypeError;sys
infer_freq;TypeError;sys
__init__;ValueError;sys
apply_index;NotImplementedError;sys
apply_index;NotImplementedError;sys
__sub__;TypeError;sys
_prefix;NotImplementedError;sys
nanos;ValueError;sys
_from_name;ValueError;sys
apply;ApplyTypeError;usr
_validate_time;ValueError;sys
_validate_time;ValueError;sys
_get_daytime_flag;ValueError;sys
apply;ApplyTypeError;usr
apply;ApplyTypeError;usr
apply_index;NotImplementedError;sys
__init__;ValueError;sys
_apply;AbstractMethodError;usr
_get_roll;AbstractMethodError;usr
_apply_index_days;AbstractMethodError;usr
__init__;ValueError;sys
__init__;ValueError;sys
__init__;ValueError;sys
__init__;ValueError;sys
_from_name;ValueError;sys
__init__;ValueError;sys
__init__;ValueError;sys
_from_name;ValueError;sys
__init__;ValueError;sys
__init__;ValueError;sys
__init__;ValueError;sys
_parse_suffix;ValueError;sys
__init__;ValueError;sys
apply;OverflowError;sys
apply;ApplyTypeError;usr
generate_range;ValueError;sys
generate_range;ValueError;sys
__init__;NotImplementedError;sys
holidays;Exception;sys
pivot_annual;NotImplementedError;sys
remove;KeyError;sys
upload_dev;SystemExit;sys
upload_dev_pdf;SystemExit;sys
upload_stable;SystemExit;sys
upload_stable_pdf;SystemExit;sys
upload_prev;SystemExit;sys
upload_prev;SystemExit;sys
html;SystemExit;sys
latex;SystemExit;sys
latex;SystemExit;sys
latex_forced;SystemExit;sys
latex_forced;SystemExit;sys
main;SystemExit;sys
process_output;RuntimeError;sys
process_output;RuntimeError;sys
custom_doctest;Exception;sys
__init__;ValueError;sys
doctree_read;LinkcodeError;usr
_parse_see_also;ValueError;sys
__init__;ValueError;sys
__init__;ValueError;sys
__init__;ValueError;sys
_option_boolean;ValueError;sys
run;RuntimeError;sys
makefig;PlotError;usr
relpath;ValueError;sys
relpath;ValueError;sys
relpath;ValueError;sys
relpath;ValueError;sys
setup;NotImplementedError;sys
setup;NotImplementedError;sys
setup;NotImplementedError;sys
setup;NotImplementedError;sys
setup;NotImplementedError;sys
setup;NotImplementedError;sys
setup;NotImplementedError;sys
setup;NotImplementedError;sys
setup;NotImplementedError;sys
setup;NotImplementedError;sys
